question_id,status,course_id,level,module,source,statutes,title,scenario,question,model_answer,answer_steps,hint_1,hint_2,hint_3,criteria,source_note
custom-41215-l3-mrnpz5vp,ready,41215,3,เพิ่มเอง,เพิ่มเอง,"420, 429, 437",ละเมิด ผู้เยาว์ชนพระธุดงค์,"เด็กชายเอ (นามสมมติ) อายุ 11 ปี เป็นผู้ป่วยออทิสติก (ผู้บกพร่องทางสติปัญญาและจิตบกพร่อง) มีพฤติกรรมชอบเลียนแบบผู้ใหญ่ขับรถและเคยพยายามสตาร์ตรถยนต์เล่นบ่อยครั้ง นางบี (มารดาและผู้ปกครองตามกฎหมาย) ทราบถึงพฤติกรรมและความเสี่ยงนี้ดี

ในวันเกิดเหตุ นางบีได้ขับรถยนต์กระบะสี่ล้อของครอบครัวมาจอดไว้บริเวณหน้าบ้าน โดยเสียบกุญแจรถคาไว้ในช่องสตาร์ตและสตาร์ตเครื่องยนต์ทิ้งไว้ ก่อนจะรีบเดินเข้าไปหยิบของในบ้านเพียงครู่เดียว เด็กชายเอซึ่งวิ่งเล่นอยู่แถวนั้นเห็นสบโอกาส จึงปีนขึ้นนั่งบนเบาะคนขับและเหยียบคันเร่ง ทำให้รถกระบะพุ่งออกสู่ถนนสาธารณะด้วยความเร็วสูง โดยที่เด็กชายเอไม่มีความสามารถควบคุมพวงมาลัยหรือเบรกได้

รถยนต์กระบะคันดังกล่าวได้พุ่งเข้าชนคณะพระธุดงค์ที่กำลังเดินจาริกธรรมเรียงแถวอยู่ริมไหล่ทางอย่างจัง เป็นเหตุให้พระภิกษุสงฆ์มรณภาพในที่เกิดเหตุทันที 10 รูป และได้รับบาดเจ็บสาหัสอีก 5 รูป",จากอุทาหรณ์ดังกล่าว เด็กชายเอ และนางบี (มารดา) จะต้องรับผิดในทางแพ่งเพื่อค่าสินไหมทดแทนทดแทนความเสียหายต่อชีวิตและร่างกายของพระภิกษุสงฆ์ที่มรณภาพและได้รับบาดเจ็บสาหัสหรือไม่ อย่างไร ให้วินิจฉัยโดยระบุมาตราที่เกี่ยวข้อง,"1. การที่เด็กชายเอขึ้นขับรถยนต์กระบะและเหยียบคันเร่งพุ่งชนคณะพระธุดงค์ ถือเป็นการกระทำโดยประมาทเลินเล่อ ปราศจากความระมัดระวังตามวิสัยของผู้ขับขี่รถยนต์ เป็นเหตุให้พระภิกษุสงฆ์มรณภาพ 10 รูป และบาดเจ็บสาหัส 5 รูป การกระทำของเด็กชายเอจึงเป็นการทำละเมิดต่อชีวิตและร่างกายของผู้อื่นโดยผิดกฎหมายตามมาตรา 420 แม้เด็กชายเอจะเป็นผู้เยาว์ (อายุ 11 ปี) และเป็นผู้ป่วยออทิสติก (ผู้บกพร่องทางสติปัญญาและจิตบกพร่อง) กฎหมายละเมิดก็ไม่ได้ยกเว้นความรับผิดให้เหมือนกฎหมายอาญา โดยมาตรา 429 บัญญัติไว้ชัดเจนว่าผู้เยาว์หรือวิกลจริตหากทำละเมิดแล้ว ก็ยังคงต้องรับผิดชดใช้ค่าสินไหมทดแทน

สรุป
เด็กชายเอชขับรถชนคณะพระธุดงค์เป็นการทำละเมิดตามมาตรา 420 เด็กชายเอจึงต้องรับผิดชดใช้ค่าสินไหมทดแทน ให้แก่ผู้เสียหายและจัดการศพหรือค่าขาดไร้อุปการะแก่ทายาทของพระภิกษุสงฆ์ตามกฎหมาย ตามมาตรา 429

2. นางบีเป็นมารดาและผู้ปกครองตามกฎหมายของเด็กชายเอ มีหน้าที่ต้องดูแลผู้เยาว์ซึ่งมีความบกพร่องทางสติปัญญาและมีพฤติกรรมเสี่ยงในการชอบสตาร์ตรถยนต์ แต่นางบีกลับเสียบกุญแจคาไว้และสตาร์ตเครื่องยนต์รถกระบะทิ้งไว้หน้าบ้าน พฤติการณ์ดังกล่าวแสดงให้เห็นว่านางบีไม่ได้ใช้ความระมัดระวังในการดูแลเด็กชายเอตามสมควรแก่เหตุ จึงไม่สามารถหลุดพ้นความรับผิดตามมาตรา 429 ได้ นางบีจึงต้องร่วมรับผิดในผลแห่งละเมิดที่เด็กชายเอได้ก่อขึ้น

นอกจากนี้ รถกระบะเป็นยานพาหนะที่เดินด้วยกำลังเครื่องจักรกล ซึ่งนางบีเป็นผู้ขับขี่และจอดทิ้งไว้ ย่อมอยู่ในฐานะ ""ผู้ครอบครองหรือควบคุมดูแลยานพาหนะ"" ตามมาตรา 437 เมื่อรถยนต์คันดังกล่าวพุ่งชนพระภิกษุสงฆ์จนเกิดความเสียหาย นางบีจึงต้องรับผิดชอบในผลของความเสียหายอันเกิดจากยานพาหนะนั้นโดยตรง ซึ่งความเสียหายนี้ไม่ได้เกิดจากเหตุสุดวิสัยหรือความผิดของพระภิกษุสงฆ์เลย แต่วิ่งมาชนเนื่องจากความประมาทเลินเล่อของนางบีเอง

สรุป
นางบีในฐานะบิดามารดา ต้องร่วมรับผิดชดใช้ค่าสินไหมทดแทนร่วมกับเด็กชายเอตามมาตรา 429 เนื่องจากไม่สามารถพิสูจน์ได้ว่าได้ใช้ความระมัดระวังดูแลผู้เยาว์อย่างเพียงพอ และยัง ต้องรับผิดชอบในฐานะผู้ครอบครองยานพาหนะอันเดินด้วยกำลังเครื่องจักรกลตามมาตรา 437 วรรคแรก",ประเด็น | หลักกฎหมาย | ปรับบท | สรุป,เริ่มจากแยกประเด็นในหมวด เพิ่มเอง,"หลักที่ควรนึกถึงคือ ม.420 หลักทั่วไปของการทำละเมิด, ม.429 ความรับผิดของผู้เยาว์หรือวิกลจริตและบิดามารดา, ม.437 ความรับผิดจากยานพาหนะเดินด้วยกำลังเครื่องจักรกล","พิจารณามาตรา 420, 429, 437",,เพิ่มเอง