question_id,source_kind,course_id,level,module_id,title,ข้อที่,รูปแบบโจทย์,คำถาม (Question),ตัวเลือก (Choices),เฉลย (Answer),มาตราที่เกี่ยวข้อง (Sections),คำอธิบายเหตุผล (Explanation),hint_1,hint_2,hint_3,yaml_path,source_note
q-level1-41216-import-001,pasted_quiz_data,41216,1,บทบัญญัติทั่วไปทางอาญา,ข้อใดเป็นสาระสำคัญของกฎหมายอาญา,1,MCQ,ข้อใดเป็นสาระสำคัญของกฎหมายอาญา,"ก. เป็นกฎหมายที่ว่าด้วยสิทธิและหน้าที่และความสัมพันธ์ระหว่างเอกชนต่อเอกชน 
ข. มีเจตนารมณ์รักษาความสงบเรียบร้อยของบ้านเมือง 
ค. การตีความหากไม่มีบทกฎหมายขึ้นปรับแก่คดีให้วินิจฉัยตามจารีตประเพณีท้องถิ่น 
ง. รัฐอยู่ในฐานะเอกชนมีสิทธิหน้าที่อย่างเดียวกับเอกชน 
จ. การบังคับให้ชดใช้ค่าเสียหายตามสัญญา",ข,บทบัญญัติทั่วไปทางอาญา,กฎหมายอาญาเป็นกฎหมายมหาชนที่มีวัตถุประสงค์และเจตนารมณ์หลักในการรักษาความสงบเรียบร้อยและความปลอดภัยของสังคม บ้านเมือง ส่วนการตีความกฎหมายอาญาต้องเป็นไปโดยเคร่งครัดตามตัวอักษร จะนำจารีตประเพณีมาลงโทษบุคคลไม่ได้,โจทย์นี้เป็น Level 1 แบบปรนัย เน้นจำแนกหลักกฎหมายและองค์ประกอบพื้นฐาน,หมวดเนื้อหา: บทบัญญัติทั่วไปทางอาญา,พิจารณาหลักกฎหมายอาญาที่เกี่ยวข้อง,"",นำเข้าจาก pasted-text.txt สำหรับ Level 1 วิชา 41216 วันที่ 2026-07-16
q-level1-41216-import-002,pasted_quiz_data,41216,1,บทบัญญัติทั่วไปทางอาญา,ข้อใดมิใช่โทษตามประมวลกฎหมายอาญา,2,MCQ,ข้อใดมิใช่โทษตามประมวลกฎหมายอาญา,"ก. ประหารชีวิต 
ข. จำคุก 
ค. กักขัง 
ง. ชดใช้ค่าเสียหาย 
จ. ริบทรัพย์สิน",ง,มาตรา 18,มาตรา 18 กำหนดโทษทางอาญาไว้ 5 สถานเท่านั้น คือ ประหารชีวิต จำคุก กักขัง ปรับ และริบทรัพย์สิน ส่วน 'การชดใช้ค่าเสียหาย' เป็นความรับผิดทางแพ่ง (ค่าสินไหมทดแทน) ไม่ใช่โทษทางอาญา,โจทย์นี้เป็น Level 1 แบบปรนัย เน้นจำแนกหลักกฎหมายและองค์ประกอบพื้นฐาน,หมวดเนื้อหา: บทบัญญัติทั่วไปทางอาญา,พิจารณามาตรา 18,"",นำเข้าจาก pasted-text.txt สำหรับ Level 1 วิชา 41216 วันที่ 2026-07-16
q-level1-41216-import-003,pasted_quiz_data,41216,1,บทบัญญัติทั่วไปทางอาญา,ข้อใดเป็นความผิดเพราะมีกฎหมายบัญญัติให้เป็นความผิด (Mala Pro,3,MCQ,ข้อใดเป็นความผิดเพราะมีกฎหมายบัญญัติให้เป็นความผิด (Mala Prohibita),"ก. นายแดงฆ่านายดำตาย 
ข. นางสาวเขียวถูกนายขาวข่มขืน 
ค. นายเหลืองขโมยทีวีของนางส้ม 
ง. นายม่วงขับรถเร็วเกินอัตราที่กฎหมายกำหนดไว้ 
จ. นายฟ้าใช้มีดแทงนายแสดบริเวณชายโครง",ง,บทบัญญัติทั่วไปทางอาญา,Mala Prohibita คือความผิดที่เป็นความผิดเพราะมีกฎหมายบัญญัติห้ามไว้ (เช่น กฎจราจร กฎหมายภาษี) ไม่ใช่ความผิดในตัวเองโดยธรรมชาติ ต่างจากความผิดในตัวเอง (Mala in se) เช่น การฆ่า การข่มขืน ลักทรัพย์ หรือทำร้ายร่างกาย,โจทย์นี้เป็น Level 1 แบบปรนัย เน้นจำแนกหลักกฎหมายและองค์ประกอบพื้นฐาน,หมวดเนื้อหา: บทบัญญัติทั่วไปทางอาญา,พิจารณาหลักกฎหมายอาญาที่เกี่ยวข้อง,"",นำเข้าจาก pasted-text.txt สำหรับ Level 1 วิชา 41216 วันที่ 2026-07-16
q-level1-41216-import-004,pasted_quiz_data,41216,1,อาชญาวิทยา,ข้อใดเป็นการอธิบายสาเหตุการเกิดอาชญากรรมโดยอาศัยทฤษฎีของลอมโ,4,MCQ,ข้อใดเป็นการอธิบายสาเหตุการเกิดอาชญากรรมโดยอาศัยทฤษฎีของลอมโบรโซ (Lombroso),"ก. ลักษณะกะโหลกศีรษะของคนสามารถทำนายลักษณะจิตใจของคนได้ใกล้เคียงที่สุด 
ข. พฤติกรรมที่สอดคล้องหรือใกล้เคียงกันสามารถถ่ายทอดได้ทางพันธุกรรม โดยศึกษาจากพฤติกรรมของคู่พี่น้องฝาแฝด 
ค. พฤติกรรมของอาชญากรเป็นผลมาจากความผิดปกติทางกายและจิตใจซึ่งได้รับการถ่ายทอดจากบรรพบุรุษทางพันธุกรรม 
ง. พฤติกรรมของอาชญากรมีความสัมพันธ์กับสติปัญญา 
จ. ความบกพร่องทางชีวภาพที่มีลักษณะด้อยของสภาพร่างกายเป็นสาเหตุของการเกิดอาชญากรรม",ค,อาชญาวิทยา,ซีซาร์ ลอมโบรโซ (Cesare Lombroso) บิดาแห่งอาชญาวิทยาสมัยใหม่ อธิบายว่าอาชญากรเกิดมาเพื่อเป็นอาชญากร (Born Criminal) โดยพฤติกรรมเป็นผลมาจากความผิดปกติทางกายและจิตใจที่มีลักษณะย้อนยุค (Atavism) และถ่ายทอดทางพันธุกรรมได้,โจทย์นี้เป็น Level 1 แบบปรนัย เน้นจำแนกหลักกฎหมายและองค์ประกอบพื้นฐาน,หมวดเนื้อหา: อาชญาวิทยา,พิจารณาหลักกฎหมายอาญาที่เกี่ยวข้อง,"",นำเข้าจาก pasted-text.txt สำหรับ Level 1 วิชา 41216 วันที่ 2026-07-16
q-level1-41216-import-005,pasted_quiz_data,41216,1,บทบัญญัติทั่วไปทางอาญา,นายแดงฟ้องนายดำในฐานะบรรณาธิการหนังสือพิมพ์ซึ่งลงข้อความหมิ่,5,MCQ,นายแดงฟ้องนายดำในฐานะบรรณาธิการหนังสือพิมพ์ซึ่งลงข้อความหมิ่นประมาทด้วยการโฆษณา ต่อมาภายหลังคดีอยู่ระหว่างการพิจารณาของศาลฎีกา รัฐบาลยกเลิกความผิดฐานนี้ของบรรณาธิการหนังสือพิมพ์ ดังนี้จะเกิดผลประการใด,"ก. นายดำไม่เคยต้องคำพิพากษาของศาลว่ากระทำผิด 
ข. นายดำพ้นจากการกระทำผิด 
ค. นายดำไม่พ้นจากการกระทำผิด 
ง. รัฐจะฟ้องเพื่อลงโทษนายดำไม่ได้ 
จ. นายดำยังคงมีความผิดแต่ไม่ต้องรับโทษ",ข,มาตรา 2 วรรคสอง,มาตรา 2 วรรคสอง บัญญัติว่าถ้ามีกฎหมายภายหลังยกเลิกความผิดนั้น ให้ผู้กระทำพ้นจากการเป็นผู้กระทำความผิด และถ้ามีคำพิพากษาถึงที่สุดให้ลงโทษแล้ว ก็ให้ถือว่าผู้นั้นไม่เคยต้องคำพิพากษาว่าได้กระทำความผิดนั้นเลย ในกรณีนี้คดียังไม่ถึงที่สุด ดำย่อมพ้นจากการกระทำผิดทันที,โจทย์นี้เป็น Level 1 แบบปรนัย เน้นจำแนกหลักกฎหมายและองค์ประกอบพื้นฐาน,หมวดเนื้อหา: บทบัญญัติทั่วไปทางอาญา,พิจารณามาตรา 2,"",นำเข้าจาก pasted-text.txt สำหรับ Level 1 วิชา 41216 วันที่ 2026-07-16
q-level1-41216-import-006,pasted_quiz_data,41216,1,บทบัญญัติทั่วไปทางอาญา,กรณีใดไม่เป็นการกระทำที่ให้ถือว่าเป็นความผิดในราชอาณาจักร ตา,6,MCQ,กรณีใดไม่เป็นการกระทำที่ให้ถือว่าเป็นความผิดในราชอาณาจักร ตามประมวลกฎหมายอาญา มาตรา 4 วรรคสอง,"ก. นายเงินนั่งอยู่บนเครื่องบินไทยซึ่งจอดอยู่ที่สนามบินสาธารณรัฐประชาชนจีน ถูกนายทองซึ่งอยู่บนลานจอดเครื่องบินใช้ปืนยิงจนถึงแก่ความตาย 
ข. นายม่วงไล่ยิงนายดำที่สนามบินฮ่องกง นายดำหนีขึ้นมาบนเครื่องบินไทยและสิ้นใจตายบนเครื่องบินไทย 
ค. นายเขียวลักทรัพย์นางฟ้าในเรือไทย ขณะแล่นอยู่ในน่านน้ำสากล 
ง. นายเหลืองวางยาพิษนายขาวโดยผสมกับกาแฟให้นายขาวดื่มขณะเครื่องบินไทยอยู่เหนือน่านฟ้าประเทศสิงคโปร์ นายขาวถึงแก่ความตายที่โรงพยาบาลมาเลเซีย 
จ. นางสาวส้มลักทรัพย์ของนางแสดในเครื่องบินไทยที่จอดอยู่สนามบินอินโดนีเซีย",ก,มาตรา 4 วรรคสอง,มาตรา 4 วรรคสอง กำหนดว่าการกระทำความผิดในเรือไทยหรืออากาศยานไทย ไม่ว่าจะอยู่ที่ใด ให้ถือว่ากระทำความผิดในราชอาณาจักร แต่กรณีข้อ ก. ตัวผู้ทำความผิด (นายทอง) และการกระทำ (การยิง) เกิดขึ้นบนลานจอดรถภายนอกเครื่องบิน (บนดินของจีน) ไม่ได้กระทำ 'ใน' อากาศยานไทย,โจทย์นี้เป็น Level 1 แบบปรนัย เน้นจำแนกหลักกฎหมายและองค์ประกอบพื้นฐาน,หมวดเนื้อหา: บทบัญญัติทั่วไปทางอาญา,พิจารณามาตรา 4,"",นำเข้าจาก pasted-text.txt สำหรับ Level 1 วิชา 41216 วันที่ 2026-07-16
q-level1-41216-import-007,pasted_quiz_data,41216,1,บทบัญญัติทั่วไปทางอาญา,นายดำต้องการฆ่านายแดง นายดำยิงไปที่ศพนายแดง โดยที่นายดำไม่รู,7,MCQ,นายดำต้องการฆ่านายแดง นายดำยิงไปที่ศพนายแดง โดยที่นายดำไม่รู้ว่านายแดงตายไปแล้ว นายดำต้องรับผิดทางอาญาฐานฆ่าผู้อื่นโดยเจตนาหรือไม่ เพราะเหตุใด,"ก. ต้องรับผิด เพราะมีผลของการกระทำเกิดขึ้น 
ข. ต้องรับผิด เพราะการกระทำครบองค์ประกอบของความผิด 
ค. ไม่ต้องรับผิด เพราะการกระทำขาดองค์ประกอบภายนอกของความผิด 
ง. ต้องรับผิด แต่กฎหมายยกเว้นโทษให้ 
จ. ไม่ต้องรับผิด เพราะกฎหมายยกเว้นความผิดให้",ค,"มาตรา 59, 288",องค์ประกอบภายนอกของฐานความผิดฆ่าผู้อื่นตามมาตรา 288 คือ (1) ผู้ใด (2) ฆ่า (3) 'ผู้อื่น' คำว่าผู้อื่นหมายถึงบุคคลที่มีชีวิตอยู่ เมื่อนายแดงเสียชีวิตไปก่อนแล้วจึงมีสภาพเป็น 'ศพ' ไม่ใช่ผู้อื่น การกระทำจึงขาดองค์ประกอบภายนอก ดำจึงไม่มีความผิด,โจทย์นี้เป็น Level 1 แบบปรนัย เน้นจำแนกหลักกฎหมายและองค์ประกอบพื้นฐาน,หมวดเนื้อหา: บทบัญญัติทั่วไปทางอาญา,"พิจารณามาตรา 59, 288","",นำเข้าจาก pasted-text.txt สำหรับ Level 1 วิชา 41216 วันที่ 2026-07-16
q-level1-41216-import-008,pasted_quiz_data,41216,1,บทบัญญัติทั่วไปทางอาญา,นางเขียวต้องการให้ลูกทารกของตนตาย นางเขียวจึงไม่ให้นมลูกกินจ,8,MCQ,นางเขียวต้องการให้ลูกทารกของตนตาย นางเขียวจึงไม่ให้นมลูกกินจนกระทั่งลูกของนางเขียวอดนมตาย นางเขียวมีการกระทำในลักษณะใด,"ก. การกระทำโดยงดเว้น 
ข. การกระทำโดยละเว้น 
ค. การกระทำโดยนิ่งเฉย 
ง. การกระทำโดยรู้สำนึก 
จ. การกระทำโดยไม่รู้สำนึก",ก,มาตรา 59 วรรคท้าย,การกระทำโดยงดเว้น (Omission) คือการปล่อยให้เกิดผลโดยงดเว้นการที่จักต้องกระทำเพื่อป้องกันผลนั้น โดยผู้กระทำมีหน้าที่เฉพาะเจาะจงตามกฎหมายหรือสัญญาในการป้องกันผล (มารดามีหน้าที่เลี้ยงดูบุตร) ต่างจาก 'ละเว้น' ที่เป็นการฝ่าฝืนหน้าที่ทั่วไปตามมาตรา 374,โจทย์นี้เป็น Level 1 แบบปรนัย เน้นจำแนกหลักกฎหมายและองค์ประกอบพื้นฐาน,หมวดเนื้อหา: บทบัญญัติทั่วไปทางอาญา,พิจารณามาตรา 59,"",นำเข้าจาก pasted-text.txt สำหรับ Level 1 วิชา 41216 วันที่ 2026-07-16
q-level1-41216-import-009,pasted_quiz_data,41216,1,บทบัญญัติทั่วไปทางอาญา,กรณีใดที่ผู้กระทำมีเจตนาเล็งเห็นผล,9,MCQ,กรณีใดที่ผู้กระทำมีเจตนาเล็งเห็นผล,"ก. นายขาวชกนายเหลืองที่ใบหน้าของเหลือง 
ข. นายเหลืองยิงปืนเข้าไปในกลุ่มคนที่กำลังดูมหรสพด้วยความคึกคะนอง 
ค. นายแดงหยิบสร้อยคอทองคำของนางดำไป 
ง. นางสาวแสดหยิบหมวกของนางสาวส้มเพราะคิดว่าเป็นหมวกของตน 
จ. นางเขียวหยิบกระเป๋าของนางฟ้าที่วางอยู่ใกล้กับกระเป๋าของตนไปด้วยความสะเพร่า",ข,มาตรา 59 วรรคสอง,เจตนาเล็งเห็นผล หมายถึง ผู้กระทำไม่ได้ประสงค์ต่อผลร้ายโดยตรง แต่ตามวิญญูชนย่อมเล็งเห็นได้อย่างแน่แท้ว่าผลนั้นจะเกิดขึ้น การยิงปืนเข้าไปในกลุ่มคนหนาแน่น ย่อมเล็งเห็นได้ว่ากระสุนต้องถูกคนใดคนหนึ่งถึงตายอย่างแน่นอน,โจทย์นี้เป็น Level 1 แบบปรนัย เน้นจำแนกหลักกฎหมายและองค์ประกอบพื้นฐาน,หมวดเนื้อหา: บทบัญญัติทั่วไปทางอาญา,พิจารณามาตรา 59,"",นำเข้าจาก pasted-text.txt สำหรับ Level 1 วิชา 41216 วันที่ 2026-07-16
q-level1-41216-import-010,pasted_quiz_data,41216,1,บทบัญญัติทั่วไปทางอาญา,กรณีใดเป็นการกระทำโดยพลาด,10,MCQ,กรณีใดเป็นการกระทำโดยพลาด,"ก. นายขาวต้องการฆ่านายดำ นายขาวใช้ปืนยิงไปที่นายดำ นายดำหลบทัน กระสุนไปถูกนายเหลืองตาย 
ข. นายขาวต้องการฆ่านายดำ นายขาวใช้ปืนยิงไปที่นายดำ นายดำหลบทัน กระสุนไปถูกแจกันลายครามของนายเหลืองแตก 
ค. นายขาวใช้ปืนยิงไปที่แจกันของนายดำ ปรากฏว่ากระสุนไม่ถูกแจกันแต่พลาดไปถูกนายเหลืองตาย 
ง. นายขาวใช้ปืนยิงสุนัข แต่กระสุนพลาดไปถูกนายดำบาดเจ็บ 
จ. นายขาวเอาก้อนหินขว้างใส่รถยนต์นายดำ ก้อนหินถูกนายเหลืองศีรษะแตก",ก,มาตรา 60,"การกระทำโดยพลาดตามมาตรา 60 ต้องเกิดจากการที่ผู้กระทำมีเจตนาต่อวัตถุหรือบุคคลหนึ่ง แต่ผลของการกระทำพลาดไปเกิดแก่อีกบุคคลหนึ่งใน 'ประเภทผลร้ายชนิดเดียวกัน' (กรณีข้อ ก. มีเจตนาฆ่าคน ผลพลาดไปถูกคนตาย) ส่วนข้อ ค, ง, จ เจตนาเริ่มต้นเป็นต่อทรัพย์แต่พลาดไปโดนคน ไม่ถือเป็นพลาดทางอาญา",โจทย์นี้เป็น Level 1 แบบปรนัย เน้นจำแนกหลักกฎหมายและองค์ประกอบพื้นฐาน,หมวดเนื้อหา: บทบัญญัติทั่วไปทางอาญา,พิจารณามาตรา 60,"",นำเข้าจาก pasted-text.txt สำหรับ Level 1 วิชา 41216 วันที่ 2026-07-16
q-level1-41216-import-011,pasted_quiz_data,41216,1,บทบัญญัติทั่วไปทางอาญา,กรณีใดไม่ใช่เป็นผลโดยตรง,11,MCQ,กรณีใดไม่ใช่เป็นผลโดยตรง,"ก. นายเหลืองโกรธนายแดง นายเหลืองชกนายแดงล้มศีรษะฟาดพื้น นายแดงตาย 
ข. นายเหลืองขับรถยนต์ด้วยความเร็วสูง นายแดงวิ่งตัดหน้ารถยนต์ รถยนต์ของนายเหลืองชนนายแดงถึงแก่ความตาย 
ค. นายแดงขับรถยนต์มาด้วยความเร็วทำให้รถยนต์ชนท้ายรถบรรทุกห้องเย็นอย่างแรง และมีรถยนต์ของนายเหลืองที่ตามมาเบรกแล้วลื่นไถลมาชนท้ายรถยนต์ของนายแดงไม่รุนแรงมาก นายเหลืองได้รับบาดเจ็บเล็กน้อย แต่นายแดงถึงแก่ความตาย 
ง. นายเหลืองพยายามข่มขืนนางสาวแดงบริเวณระเบียงอาคารสูง นางสาวแดงขัดขืนผลัดตกระเบียงได้รับบาดเจ็บ 
จ. นายเหลืองขับรถยนต์มาด้วยความเร็วสูง จึงชนเหล็กกั้นที่ถนนเป็นเหตุให้คนตาย",ค,ทฤษฎีผลโดยตรง (มาตรา 59),ตามข้อ ค. นายแดงถึงแก่ความตายเนื่องจากแรงชนกับรถบรรทุกห้องเย็นอย่างรุนแรงจากการขับรถเร็วของตนเองเป็นหลัก การที่รถนายเหลืองไถลมาชนซ้ำเบาๆ ภายหลัง จึงไม่ใช่ผลโดยตรงและไม่ใช่เหตุที่ก่อให้เกิดความตายของนายแดงแต่อย่างใด,โจทย์นี้เป็น Level 1 แบบปรนัย เน้นจำแนกหลักกฎหมายและองค์ประกอบพื้นฐาน,หมวดเนื้อหา: บทบัญญัติทั่วไปทางอาญา,พิจารณามาตรา 59,"",นำเข้าจาก pasted-text.txt สำหรับ Level 1 วิชา 41216 วันที่ 2026-07-16
q-level1-41216-import-012,pasted_quiz_data,41216,1,บทบัญญัติทั่วไปทางอาญา,กรณีใดเป็นเหตุแทรกแซงที่คาดหมายไม่ได้,12,MCQ,กรณีใดเป็นเหตุแทรกแซงที่คาดหมายไม่ได้,"ก. นายดำใช้ขวานพกเล็กๆ ฟันที่ศีรษะนายขาว 1 ที มีบาดแผลเล็กน้อย ถ้ารักษาตามวิชาชีพแพทย์ปัจจุบันก็หาย แต่นายขาวปล่อยแผลไว้สกปรกเกิดหนองและเป็นพิษขึ้นและถึงแก่ความตายภายใน 3 วัน 
ข. นายดำทำร้ายนายขาวบาดเจ็บ ระหว่างรักษาตัวที่โรงพยาบาลนายขาวเกิดความกลุ้มใจที่ต้องมานอนเจ็บไม่สามารถหาเงินมาใช้หนี้สินได้ นายขาวจึงตัดสินใจยิงตัวตายเพื่อหนีหนี้สิน 
ค. นายดำทำร้ายนายขาวบาดเจ็บ ระหว่างที่รักษาตัวที่โรงพยาบาลนายขาวทนพิษบาดแผลจากการถูกทำร้ายไม่ได้ และถึงแก่ความตาย 
ง. นายดำทำร้ายนายขาวบาดเจ็บ การถูกทำร้ายทำให้นายขาวขาดความรู้สึกผิดชอบชั่วดี นายขาวจึงฆ่าตัวตาย 
จ. นายขาวถูกนายดำแทง และเนื่องจากรักษาแผลไม่ดี บาดแผลเน่า จึงเป็นพิษ นายขาวถึงแก่ความตาย",ข,ทฤษฎีความสัมพันธ์ระหว่างการกระทำและผล,การทำร้ายร่างกายส่งผลให้บาดเจ็บ แต่การที่ผู้เสียหายตัดสินใจ 'ยิงตัวตายเพื่อหนีหนี้สิน' ภายหลัง ถือเป็นเหตุแทรกแซงที่เกิดจากการตัดสินใจอิสระของผู้เสียหายเอง ซึ่งวิญญูชนไม่อาจคาดหมายได้ ผลความตายจึงคาดหมายไม่ได้และไม่สัมพันธ์กับการทำร้ายของดำ,โจทย์นี้เป็น Level 1 แบบปรนัย เน้นจำแนกหลักกฎหมายและองค์ประกอบพื้นฐาน,หมวดเนื้อหา: บทบัญญัติทั่วไปทางอาญา,พิจารณาหลักกฎหมายอาญาที่เกี่ยวข้อง,"",นำเข้าจาก pasted-text.txt สำหรับ Level 1 วิชา 41216 วันที่ 2026-07-16
q-level1-41216-import-013,pasted_quiz_data,41216,1,บทบัญญัติทั่วไปทางอาญา,ข้อใดไม่ถือว่าเป็นหลักในการวินิจฉัยในเรื่องการลงมือกระทำความ,13,MCQ,ข้อใดไม่ถือว่าเป็นหลักในการวินิจฉัยในเรื่องการลงมือกระทำความผิด,"ก. หลักความใกล้ชิดต่อผล (The Proximity Rule) 
ข. หลักความไม่คลุมเครือ (Unequivocal Rule) 
ค. หลักความสัมพันธ์ระหว่างการกระทำและผล (Causation) 
ง. หลักความเป็นภยันตรายของการกระทำนั้น (The Criterion of Danger) 
จ. หลักการกระทำขั้นตอนที่สำคัญ (The Substantial Step Rule)",ค,มาตรา 80 (ขั้นพยายาม),"หลักความใกล้ชิดต่อผล, ความไม่คลุมเครือ, ความเป็นภยันตราย และขั้นตอนสำคัญ เป็นหลักเกณฑ์ทางอาชญาวิทยาและกฎหมายที่ใช้แยกแยะระหว่าง 'ขั้นตระเตรียม' กับ 'ขั้นลงมือพยายาม' ส่วนหลักความสัมพันธ์ระหว่างการกระทำและผล (Causation) เป็นเรื่องการพิจารณาผลสรุปสุดท้ายของความรับผิด ไม่ใช่หลักแบ่งแยกขั้นลงมือ",โจทย์นี้เป็น Level 1 แบบปรนัย เน้นจำแนกหลักกฎหมายและองค์ประกอบพื้นฐาน,หมวดเนื้อหา: บทบัญญัติทั่วไปทางอาญา,พิจารณามาตรา 80,"",นำเข้าจาก pasted-text.txt สำหรับ Level 1 วิชา 41216 วันที่ 2026-07-16
q-level1-41216-import-014,pasted_quiz_data,41216,1,บทบัญญัติทั่วไปทางอาญา,กรณีใดเป็นการพยายามกระทำความผิด,14,MCQ,กรณีใดเป็นการพยายามกระทำความผิด,"ก. นายขาวต้องการฆ่านายเขียวจึงไปซื้อยาพิษมาเตรียมไว้เพื่อจะฆ่านายเขียว 
ข. นายขาวซื้อมีดสปาต้าไว้เพื่อเตรียมไปฆ่านายเขียว 
ค. นายขาวพกปืนเข้าไปในบ้านนายเขียวโดยมีเจตนาจะฆ่านายเขียว แต่แสงไฟสว่างขึ้น จึงถูกจับได้ก่อนที่จะกระทำสำเร็จ 
ง. นายขาวท้าให้นายเขียวยิง นายเขียวจึงชักปืนออกมา ปากกระบอกพ้นเอว ยังไม่ทันหันปากกระบอกปืนไปทางนายขาว นายขาวแย่งปืนได้ 
จ. นายขาวกับพวกอีก 2 คน ใช้เส้นลวดขึงกั้นสะพานบนถนนดักรถที่ผ่านไปมาเพื่อเอาทรัพย์สิน นายแดงขับรถยนต์ผ่านมาเห็นเส้นลวด และหยุดรถได้ทันระยะห่าง 3 วา แล้วลงไปดูใต้สะพานพบนายขาวถือปลายลวดข้างหนึ่ง จึงจับตัวได้",จ,มาตรา 80,"การใช้ลวดขึงกั้นถนนในระยะที่รถแล่นผ่านแล้ว ถือว่าเป็นการกระทำขั้นสุดท้ายที่ใกล้ชิดต่อผลในการประทุษร้ายต่อทรัพย์/วิ่งราว/ปล้นทรัพย์แล้ว การที่รถหยุดทันเป็นเหตุบังเอิญ จึงเป็นความผิดฐานพยายามสำเร็จ ส่วนข้อ ก, ข, ค, ง ยังเป็นเพียงขั้นตระเตรียมการหรือยังไม่ใกล้ชิดผลพอ",โจทย์นี้เป็น Level 1 แบบปรนัย เน้นจำแนกหลักกฎหมายและองค์ประกอบพื้นฐาน,หมวดเนื้อหา: บทบัญญัติทั่วไปทางอาญา,พิจารณามาตรา 80,"",นำเข้าจาก pasted-text.txt สำหรับ Level 1 วิชา 41216 วันที่ 2026-07-16
q-level1-41216-import-015,pasted_quiz_data,41216,1,บทบัญญัติทั่วไปทางอาญา,บ้านแดงอยู่ในที่เปลี่ยว เคยมีขโมยเข้าไปลักทรัพย์หลายครั้งแล้,15,MCQ,บ้านแดงอยู่ในที่เปลี่ยว เคยมีขโมยเข้าไปลักทรัพย์หลายครั้งแล้ว แดงมีธุระไปต่างจังหวัดจึงขึงลวดไฟฟ้าตามแนวรั้วบ้านไว้เพื่อป้องกันคนร้าย ดำลอบเข้าไปในบ้านแดงเพื่อลักทรัพย์และถูกไฟฟ้าดูดถึงแก่ความตาย ดังนี้ การกระทำของแดงเป็นความผิดประการใดหรือไม่,"ก. ผิดฐานฆ่าผู้อื่นโดยเจตนาเล็งเห็นผล 
ข. ผิดฐานฆ่าผู้อื่นโดยไม่เจตนา 
ค. เป็นการป้องกันเกินสมควรแก่เหตุ 
ง. เป็นการป้องกันพอสมควรแก่เหตุ 
จ. ไม่เป็นความผิดเพราะขาดเจตนา",ง,มาตรา 68,การติดตั้งลวดไฟฟ้าปล่อยกระแสสลับตามแนวรั้วบ้านในที่เปลี่ยวเพื่อป้องกันคนร้ายลักทรัพย์ ถือเป็นการติดตั้งทรัพย์สินเพื่อป้องกันสิทธิและทรัพย์สินตามควรแก่เหตุ เมื่อคนร้ายลักลอบเข้ามาในยามวิกาลและถูกไฟดูดตาย ถือเป็นการป้องกันพอสมควรแก่เหตุตามมาตรา 68 แดงไม่มีความผิด (ตามแนวคำพิพากษาศาลฎีกา),โจทย์นี้เป็น Level 1 แบบปรนัย เน้นจำแนกหลักกฎหมายและองค์ประกอบพื้นฐาน,หมวดเนื้อหา: บทบัญญัติทั่วไปทางอาญา,พิจารณามาตรา 68,"",นำเข้าจาก pasted-text.txt สำหรับ Level 1 วิชา 41216 วันที่ 2026-07-16
q-level1-41216-import-016,pasted_quiz_data,41216,1,ความผิดเกี่ยวกับทรัพย์,นายกเทศมนตรีขอความร่วมมือให้ประชาชนตัดต้นไม้ที่ขึ้นรกอยู่ริม,16,MCQ,นายกเทศมนตรีขอความร่วมมือให้ประชาชนตัดต้นไม้ที่ขึ้นรกอยู่ริมทาง ขาวตัดต้นไม้ริมทางในที่ดินของตนและตัดต้นไม้ล้ำเข้าไปในเขตที่ดินของเขียวคู่อริด้วย ทั้งที่รู้ว่าต้นไม้นั้นปลูกอยู่ในเขตที่ดินของเขียว เช่นนี้ การกระทำของขาวเป็นความผิดตามข้อใดหรือไม่,"ก. ผิด เพราะมิใช่คำสั่งของเจ้าพนักงาน 
ข. ผิด เพราะกระทำเกินคำสั่งของเจ้าพนักงาน 
ค. ผิด แต่ได้รับลดหย่อนผ่อนโทษ เพราะกระทำตามคำสั่งของเจ้าพนักงาน 
ง. ผิด แต่ไม่ต้องรับโทษเพราะกระทำตามคำสั่งของเจ้าพนักงาน 
จ. ไม่ผิด เพราะกระทำตามคำสั่งของเจ้าพนักงาน",ข,มาตรา 358 (ทำให้เสียทรัพย์),การที่ขาวตัดต้นไม้ล้ำเข้าไปในที่ดินของเขียวโดยรู้ดีอยู่แล้ว เป็นการจงใจทำลายทรัพย์สินของผู้อื่นโดยทุจริตหรือกลั่นแกล้ง แดงจะอ้างคำสั่งขอความร่วมมือของนายกเทศมนตรีไม่ได้ เนื่องจากเป็นการกระทำที่เกินขอบเขตคำสั่งและมีเจตนาทุจริต จึงมีความผิดฐานทำให้เสียทรัพย์,โจทย์นี้เป็น Level 1 แบบปรนัย เน้นจำแนกหลักกฎหมายและองค์ประกอบพื้นฐาน,หมวดเนื้อหา: ความผิดเกี่ยวกับทรัพย์,พิจารณามาตรา 358,"",นำเข้าจาก pasted-text.txt สำหรับ Level 1 วิชา 41216 วันที่ 2026-07-16
q-level1-41216-import-017,pasted_quiz_data,41216,1,บทบัญญัติทั่วไปทางอาญา,หนึ่งจอดรถล็อคประตูแล้วรีบไปทำธุระโดยลืมว่าลูกของตนนอนอยู่ใน,17,MCQ,หนึ่งจอดรถล็อคประตูแล้วรีบไปทำธุระโดยลืมว่าลูกของตนนอนอยู่ในรถ ลูกของหนึ่งดิ้นทุรนทุรายอยู่ในรถเพราะขาดอากาศหายใจ สองมาประสบเหตุจึงใช้ไม้ทุบกระจกช่วยชีวิตลูกของหนึ่งได้ เช่นนี้ การกระทำของสองเป็นความผิดฐานทำให้เสียทรัพย์หรือไม่,"ก. ไม่ผิด เพราะขาดเจตนาทำให้เสียทรัพย์ 
ข. ไม่ผิด เพราะเป็นการป้องกันโดยชอบ 
ค. กระทำความผิดด้วยความจำเป็นไม่ต้องรับโทษ 
ง. กระทำความผิดด้วยเจตนาสุจริตไม่ต้องรับโทษ 
จ. เป็นความผิด แต่ยอมความได้เพราะมิใช่คดีอาญาแผ่นดิน",ค,มาตรา 67,การทุบกระจกรถยนต์ของผู้อื่นเข้าองค์ประกอบฐานทำให้เสียทรัพย์ แต่การทำไปเพื่อช่วยชีวิตเด็กที่กำลังจะตายจากขาดอากาศหายใจ ถือเป็นการกระทำเพื่อความจำเป็นให้บุคคลอื่นพ้นจากภยันตรายอันใกล้จะถึง และไม่สามารถหลีกเลี่ยงวิธีอื่นได้ สองมีความผิดแต่ไม่ต้องรับโทษตามมาตรา 67,โจทย์นี้เป็น Level 1 แบบปรนัย เน้นจำแนกหลักกฎหมายและองค์ประกอบพื้นฐาน,หมวดเนื้อหา: บทบัญญัติทั่วไปทางอาญา,พิจารณามาตรา 67,"",นำเข้าจาก pasted-text.txt สำหรับ Level 1 วิชา 41216 วันที่ 2026-07-16
q-level1-41216-import-018,pasted_quiz_data,41216,1,บทบัญญัติทั่วไปทางอาญา,สามีกระทำความผิดฐานรีดเอาทรัพย์จากภริยา เพื่อนำเงินไปรักษาตั,18,MCQ,สามีกระทำความผิดฐานรีดเอาทรัพย์จากภริยา เพื่อนำเงินไปรักษาตัวจากอาการเจ็บป่วย การกระทำของสามีดังกล่าวเป็นความผิดหรือไม่ประการใด,"ก. เป็นการกระทำความผิดด้วยความจำเป็นไม่ต้องรับโทษ 
ข. เป็นการกระทำระหว่างสามีและภริยา ไม่เป็นความผิด 
ค. เป็นการกระทำระหว่างสามีและภริยา ไม่ต้องรับโทษ 
ง. เป็นความผิด แต่ศาลจะลงโทษน้อยกว่าที่กฎหมายกำหนดไว้เพียงใดก็ได้ 
จ. เป็นความผิด ต้องรับโทษเช่นเดียวกันกับที่ผู้อื่นกระทำ",ค,มาตรา 71 วรรคแรก,ตามมาตรา 71 วรรคแรก ความผิดเกี่ยวกับทรัพย์บางฐานรวมถึงฐาน 'รีดเอาทรัพย์' (มาตรา 338) หากเป็นการกระทำที่สามีกระทำต่อภริยา หรือภริยากระทำต่อสามี กฎหมายบัญญัติให้ผู้กระทำนั้นไม่ต้องรับโทษ (มีความผิดแต่ไม่ต้องรับโทษ),โจทย์นี้เป็น Level 1 แบบปรนัย เน้นจำแนกหลักกฎหมายและองค์ประกอบพื้นฐาน,หมวดเนื้อหา: บทบัญญัติทั่วไปทางอาญา,พิจารณามาตรา 71,"",นำเข้าจาก pasted-text.txt สำหรับ Level 1 วิชา 41216 วันที่ 2026-07-16
q-level1-41216-import-019,pasted_quiz_data,41216,1,บทบัญญัติทั่วไปทางอาญา,อ้ายลักทรัพย์ยี่ ซึ่งเป็นลูกพี่ลูกน้องกัน เพื่อนำเงินไปให้บิ,19,MCQ,อ้ายลักทรัพย์ยี่ ซึ่งเป็นลูกพี่ลูกน้องกัน เพื่อนำเงินไปให้บิดามารดาของยี่ซึ่งตกทุกข์ได้ยากเพราะยี่ทอดทิ้งไม่ขัดเกลาเลี้ยงดู เช่นนี้ การกระทำของอ้ายเป็นความผิดฐานฉ้อโกงหรือไม่ประการใด,"ก. เป็นการกระทำความผิดด้วยความจำเป็นไม่ต้องรับโทษ 
ข. เป็นการกระทำเพื่อธรรมจรรยาไม่ต้องรับโทษ 
ค. เป็นการกระทำการระหว่างลูกพี่ลูกน้อง ศาลจะลงโทษน้อยกว่าที่กฎหมายกำหนดเพียงใดก็ได้ 
ง. เป็นการกระทำการระหว่างลูกพี่ลูกน้อง ให้เป็นความผิดอันยอมความได้ 
จ. เป็นความผิด ต้องรับโทษเช่นเดียวกันกับที่ผู้อื่นกระทำ",จ,มาตรา 71 วรรคสอง,มาตรา 71 วรรคสอง กำหนดเหตุลดหย่อนโทษหรือยอมความได้ในความผิดเกี่ยวกับทรัพย์เฉพาะความผิดระหว่าง 'บุพการีกับผู้สืบสันดาน' หรือ 'พี่น้องร่วมบิดามารดาเดียวกัน' เท่านั้น ความสัมพันธ์เป็น 'ลูกพี่ลูกน้อง' ไม่เข้าเงื่อนไขตามมาตรา 71 อ้ายจึงต้องรับโทษตามปกติ,โจทย์นี้เป็น Level 1 แบบปรนัย เน้นจำแนกหลักกฎหมายและองค์ประกอบพื้นฐาน,หมวดเนื้อหา: บทบัญญัติทั่วไปทางอาญา,พิจารณามาตรา 71,"",นำเข้าจาก pasted-text.txt สำหรับ Level 1 วิชา 41216 วันที่ 2026-07-16
q-level1-41216-import-020,pasted_quiz_data,41216,1,บทบัญญัติทั่วไปทางอาญา,ม่วงเห็นส้มภริยาของตนนอนกอดกับดำอยู่ในห้อง ม่วงเห็นเหตุการณ์,20,MCQ,ม่วงเห็นส้มภริยาของตนนอนกอดกับดำอยู่ในห้อง ม่วงเห็นเหตุการณ์โดยไม่คาดคิดมาก่อน เกิดความโมโหจึงใช้ปืนยิงดำถึงแก่ความตาย ดังนี้ การกระทำของม่วงเป็นความผิดหรือไม่ ประการใด,"ก. เป็นการป้องกันพอสมควรแก่เหตุ 
ข. เป็นการป้องกันเกินสมควรแก่เหตุ 
ค. กระทำความผิด โดยบันดาลโทสะ 
ง. กระทำความผิดเพราะเชื่อโดยสุจริตว่ามีอำนาจกระทำได้ 
จ. กระทำความผิดโดยไม่มีเหตุยกเว้นหรือลดหย่อนผ่อนโทษแต่ประการใด",ค,มาตรา 72,การที่สามีพบภริยานอนกอดกับชายอื่น ถือเป็นการถูกข่มเหงอย่างร้ายแรงด้วยเหตุอันไม่เป็นธรรม ม่วงจึงเกิดความโมโหทำร้ายในทันด่วน การฆ่าดำจึงเป็นการกระทำความผิดโดยบันดาลโทสะตามมาตรา 72 ศาลจะลงโทษน้อยกว่าที่กฎหมายกำหนดไว้เพียงใดก็ได้,โจทย์นี้เป็น Level 1 แบบปรนัย เน้นจำแนกหลักกฎหมายและองค์ประกอบพื้นฐาน,หมวดเนื้อหา: บทบัญญัติทั่วไปทางอาญา,พิจารณามาตรา 72,"",นำเข้าจาก pasted-text.txt สำหรับ Level 1 วิชา 41216 วันที่ 2026-07-16
q-level1-41216-import-021,pasted_quiz_data,41216,1,บทบัญญัติทั่วไปทางอาญา,หนึ่งกับสองช่วยกันฉุดผู้หญิงมายังกระท่อมที่สามรออยู่ หนึ่งกั,21,MCQ,หนึ่งกับสองช่วยกันฉุดผู้หญิงมายังกระท่อมที่สามรออยู่ หนึ่งกับสองข่มขืนกระทำชำเราหญิงนั้นเสร็จแล้ว สามถอดกางเกงรออยู่จะข่มขืนเป็นคนต่อไป แต่ตำรวจเข้าจับกุมได้เสียก่อน ดังนั้นสามมีความผิดฐานกระทำชำเราด้วยหรือไม่,"ก. เป็นตัวการร่วมกระทำความผิด 
ข. เป็นผู้สนับสนุนการกระทำความผิด 
ค. พยายามกระทำความผิด 
ง. อยู่ในขั้นตระเตรียมการ ยังไม่เป็นความผิด 
จ. เป็นตัวการร่วมกระทำความผิดเฉพาะในความผิดต่อเสรีภาพ",ก,"มาตรา 83, 276",พฤติการณ์ที่มีการแบ่งหน้าที่กันทำในการฉุดผู้หญิงมาข่มขืนกระทำชำเราร่วมกันในสถานที่เดียวกัน แม้สามยังไม่ได้สอดใส่อวัยวะเพศเนื่องจากตำรวจจับกุมก่อน แต่การที่สามร่วมอยู่ในแผนการและรอคอยข่มขืนต่อเนื่อง ถือว่าสามมีลักษณะเป็นตัวการร่วมในฐานความผิดกระทำชำเราตามมาตรา 83,โจทย์นี้เป็น Level 1 แบบปรนัย เน้นจำแนกหลักกฎหมายและองค์ประกอบพื้นฐาน,หมวดเนื้อหา: บทบัญญัติทั่วไปทางอาญา,"พิจารณามาตรา 83, 276","",นำเข้าจาก pasted-text.txt สำหรับ Level 1 วิชา 41216 วันที่ 2026-07-16
q-level1-41216-import-022,pasted_quiz_data,41216,1,บทบัญญัติทั่วไปทางอาญา,การใช้ให้ผู้อื่นกระทำความผิดนั้น หากได้ใช้แล้วแต่ผู้ถูกใช้ไม,22,MCQ,การใช้ให้ผู้อื่นกระทำความผิดนั้น หากได้ใช้แล้วแต่ผู้ถูกใช้ไม่ยอมกระทำเพราะกลัวความผิด ดังนี้ผู้ใช้ต้องรับโทษเพียงใดหรือไม่,"ก. ต้องรับโทษเสมือนตัวการ 
ข. ต้องรับโทษกึ่งหนึ่งของโทษที่กำหนดไว้สำหรับความผิดนั้น 
ค. ต้องรับโทษ 1 ใน 3 ของโทษที่กำหนดไว้สำหรับความผิดนั้น 
ง. ศาลจะลงโทษน้อยกว่าที่กฎหมายกำหนดสำหรับความผิดนั้นเพียงใดก็ได้ 
จ. เป็นความผิดแต่ได้รับยกเว้นโทษเพราะความผิดนั้นยังไม่ถึงขั้นลงมือกระทำ",ค,มาตรา 84 วรรคสอง,ตามมาตรา 84 วรรคสอง บัญญัติว่า ถ้าความผิดมิได้กระทำลง ไม่ว่าจะเป็นเพราะผู้ถูกใช้ไม่ได้กระทำ หรือเหตุอื่นใด ผู้ใช้ต้องระวางโทษเพียงหนึ่งในสามของโทษที่กำหนดไว้สำหรับความผิดนั้น,โจทย์นี้เป็น Level 1 แบบปรนัย เน้นจำแนกหลักกฎหมายและองค์ประกอบพื้นฐาน,หมวดเนื้อหา: บทบัญญัติทั่วไปทางอาญา,พิจารณามาตรา 84,"",นำเข้าจาก pasted-text.txt สำหรับ Level 1 วิชา 41216 วันที่ 2026-07-16
q-level1-41216-import-023,pasted_quiz_data,41216,1,ความผิดเกี่ยวกับทรัพย์,ส้มลักทรัพย์จากบ้านผู้เสียหาย แสดขับรถมาประสบเหตุพอดีจึงช่วย,23,MCQ,ส้มลักทรัพย์จากบ้านผู้เสียหาย แสดขับรถมาประสบเหตุพอดีจึงช่วยขนทรัพย์นั้นขึ้นรถพาส้มหนีไปเพื่อหวังส่วนแบ่ง ดังนี้ แสดมีความผิดฐานลักทรัพย์หรือไม่,"ก. เป็นตัวการร่วมกระทำความผิด 
ข. เป็นผู้สนับสนุนการกระทำความผิด ต้องรับโทษสองในสาม 
ค. เป็นผู้สนับสนุนการกระทำความผิด ต้องรับโทษกึ่งหนึ่ง 
ง. เป็นผู้สนับสนุนการกระทำความผิด ต้องรับโทษหนึ่งในสาม 
จ. ไม่ผิดฐานลักทรัพย์ แต่อาจเป็นความผิดฐานอื่น",จ,มาตรา 357 (รับของโจร),ความผิดฐานลักทรัพย์ของส้มสำเร็จเสร็จสิ้นไปแล้วตั้งแต่ตอนที่ส้มพาเอาทรัพย์ออกจากบ้านผู้เสียหาย การที่แสดขับรถมาเจอภายหลังแล้วช่วยพาทรัพย์และส้มหนี แสดจึงไม่มีความผิดฐานลักทรัพย์ แต่มีความผิดฐานช่วยพาเอาไปเสียซึ่งทรัพย์อันได้มาโดยการกระทำความผิด อันเป็นความผิดฐานรับของโจรตามมาตรา 357,โจทย์นี้เป็น Level 1 แบบปรนัย เน้นจำแนกหลักกฎหมายและองค์ประกอบพื้นฐาน,หมวดเนื้อหา: ความผิดเกี่ยวกับทรัพย์,พิจารณามาตรา 357,"",นำเข้าจาก pasted-text.txt สำหรับ Level 1 วิชา 41216 วันที่ 2026-07-16
q-level1-41216-import-024,pasted_quiz_data,41216,1,บทบัญญัติทั่วไปทางอาญา,หากความผิดเดียวกัน มีทั้งตัวการ ผู้ใช้ และผู้สนับสนุน การพิจ,24,MCQ,หากความผิดเดียวกัน มีทั้งตัวการ ผู้ใช้ และผู้สนับสนุน การพิจารณาความผิดจะต้องเริ่มต้นจากผู้ใดก่อน,"ก. ผู้ใช้ 
ข. ตัวการ 
ค. ผู้สนับสนุน 
ง. พิจารณาตามเหตุการณ์ 
จ. พิจารณาตามเหตุปัจจัย",ข,บทบัญญัติทั่วไปทางอาญา,ในการวินิจฉัยความรับผิดทางอาญาที่มีผู้เกี่ยวข้องหลายบทบาท จะต้องเริ่มต้นพิจารณาจาก 'ตัวการ' (ผู้ลงมือกระทำความผิดโดยตรง) ก่อนเสมอ เพื่อให้ทราบว่าความผิดสำเร็จหรืออยู่ในขั้นใด จากนั้นจึงจะพิจารณาความรับผิดของผู้ใช้และผู้สนับสนุนตามลำดับ,โจทย์นี้เป็น Level 1 แบบปรนัย เน้นจำแนกหลักกฎหมายและองค์ประกอบพื้นฐาน,หมวดเนื้อหา: บทบัญญัติทั่วไปทางอาญา,พิจารณาหลักกฎหมายอาญาที่เกี่ยวข้อง,"",นำเข้าจาก pasted-text.txt สำหรับ Level 1 วิชา 41216 วันที่ 2026-07-16
q-level1-41216-import-025,pasted_quiz_data,41216,1,อาชญาวิทยา,ทฤษฎีวางหลักเกณฑ์ไว้ว่า การลงโทษควรจะมองไปในอนาคตมากกว่ามองย,25,MCQ,ทฤษฎีวางหลักเกณฑ์ไว้ว่า การลงโทษควรจะมองไปในอนาคตมากกว่ามองย้อนหลังไปในอดีต,"ก. ทฤษฎีการลงโทษเพื่อแก้แค้น 
ข. ทฤษฎีการลงโทษเพื่อทดแทนแก่ผู้กระทำความผิด 
ค. ทฤษฎีการลงโทษแบบอรรถประโยชน์ 
ง. ทฤษฎีการลงโทษเพื่อปกป้องคุ้มครองสังคม 
จ. ทฤษฎีการลงโทษเพื่อแก้ไขฟื้นฟูผู้กระทำความผิด",จ,อาชญาวิทยา,ทฤษฎีการแก้ไขฟื้นฟู (Rehabilitation Theory) มีปรัชญาว่าการลงโทษไม่ใช่มุ่งเน้นแก้ไขอดีตหรือแก้แค้นทดแทน แต่เป็นการมองไปในอนาคตเพื่อปรับปรุงพฤติกรรมและทัศนคติของอาชญากรให้สามารถกลับคืนสู่สังคมได้อย่างปกติ,โจทย์นี้เป็น Level 1 แบบปรนัย เน้นจำแนกหลักกฎหมายและองค์ประกอบพื้นฐาน,หมวดเนื้อหา: อาชญาวิทยา,พิจารณาหลักกฎหมายอาญาที่เกี่ยวข้อง,"",นำเข้าจาก pasted-text.txt สำหรับ Level 1 วิชา 41216 วันที่ 2026-07-16
q-level1-41216-import-026,pasted_quiz_data,41216,1,บทบัญญัติทั่วไปทางอาญา,นักโทษเด็ดขาดซึ่งเป็นนักโทษชั้นเยี่ยม จะได้รับพิจารณาปล่อยตั,26,MCQ,นักโทษเด็ดขาดซึ่งเป็นนักโทษชั้นเยี่ยม จะได้รับพิจารณาปล่อยตัวพักจากการลงโทษเมื่อเหลือโทษจำคุกไม่เกินเท่าใด,"ก. กึ่งหนึ่ง 
ข. หนึ่งในสาม 
ค. หนึ่งในสี่ 
ง. หนึ่งในห้า 
จ. เท่าใดก็ได้อยู่ในดุลยพินิจของศาล",ข,พ.ร.บ. ราชทัณฑ์,ตามกฎกระทรวงและระเบียบราชทัณฑ์ว่าด้วยการพักการลงโทษ นักโทษเด็ดขาดที่มีความประพฤติดีเยี่ยม (ชั้นเยี่ยม) จะได้รับสิทธิพิจารณาพักการลงโทษปล่อยตัวก่อนกำหนดเมื่อได้รับโทษมาแล้วไม่น้อยกว่าสองในสาม หรือเหลือโทษจำคุกไม่เกินหนึ่งในสาม,โจทย์นี้เป็น Level 1 แบบปรนัย เน้นจำแนกหลักกฎหมายและองค์ประกอบพื้นฐาน,หมวดเนื้อหา: บทบัญญัติทั่วไปทางอาญา,พิจารณาหลักกฎหมายอาญาที่เกี่ยวข้อง,"",นำเข้าจาก pasted-text.txt สำหรับ Level 1 วิชา 41216 วันที่ 2026-07-16
q-level1-41216-import-027,pasted_quiz_data,41216,1,บทบัญญัติทั่วไปทางอาญา,ข้อใดเป็นวัตถุประสงค์หลักของโทษกักขัง,27,MCQ,ข้อใดเป็นวัตถุประสงค์หลักของโทษกักขัง,"ก. เพื่อแก้ปัญหานักโทษล้นคุก 
ข. เพื่อให้นักโทษมีโอกาสศึกษาและฝึกอาชีพได้มากขึ้น 
ค. เพื่อกำหนดสถานที่ควบคุมตัวให้เหมาะสมกับลักษณะของความคิด 
ง. เพื่อกันผู้กระทำความผิดเล็กน้อยออกจากความผิดร้ายแรง 
จ. ถูกทุกข้อ",ง,มาตรา 24,วัตถุประสงค์หลักทางทฤษฎีและกฎหมายของโทษกักขัง (ซึ่งไม่ใช่การจำคุกในเรือนจำ) คือการแยกผู้กระทำความผิดลหุโทษหรือความผิดเล็กน้อยไม่ให้ต้องเข้าไปรวมกับอาชญากรร้ายแรงในเรือนจำ เพื่อป้องกันมิให้เกิดการซึมซับพฤติกรรมอาชญากรรม,โจทย์นี้เป็น Level 1 แบบปรนัย เน้นจำแนกหลักกฎหมายและองค์ประกอบพื้นฐาน,หมวดเนื้อหา: บทบัญญัติทั่วไปทางอาญา,พิจารณามาตรา 24,"",นำเข้าจาก pasted-text.txt สำหรับ Level 1 วิชา 41216 วันที่ 2026-07-16
q-level1-41216-import-028,pasted_quiz_data,41216,1,บทบัญญัติทั่วไปทางอาญา,การรอการลงโทษ (ภาคทัณฑ์) นั้น จะทำได้สำหรับคดีตามข้อใด,28,MCQ,การรอการลงโทษ (ภาคทัณฑ์) นั้น จะทำได้สำหรับคดีตามข้อใด,"ก. คดีมีอัตราโทษจำคุกไม่เกิน 3 ปี 
ข. คดีที่ศาลลงโทษจำคุกไม่เกิน 5 ปี 
ค. คดีที่มีอัตราโทษจำคุกไม่เกิน 2 ปี 
ง. คดีที่ศาลลงโทษจำคุกไม่เกิน 2 ปี 
จ. คดีที่มีอัตราโทษจำคุกไม่เกิน 5 ปี และศาลลงโทษจำคุกไม่เกิน 2 ปี",ข,มาตรา 56,ตามมาตรา 56 (แก้ไขเพิ่มเติม) ศาลสามารถใช้ดุลยพินิจรอการลงโทษจำคุกหรือรอการกำหนดโทษได้ในคดีที่ศาลจะลงโทษจำคุกไม่เกิน 5 ปี (โดยไม่คำนึงถึงอัตราโทษขั้นสูงของกฎหมาย แต่ดูจากโทษที่ศาลจะลงจริง),โจทย์นี้เป็น Level 1 แบบปรนัย เน้นจำแนกหลักกฎหมายและองค์ประกอบพื้นฐาน,หมวดเนื้อหา: บทบัญญัติทั่วไปทางอาญา,พิจารณามาตรา 56,"",นำเข้าจาก pasted-text.txt สำหรับ Level 1 วิชา 41216 วันที่ 2026-07-16
q-level1-41216-import-029,pasted_quiz_data,41216,1,บทบัญญัติทั่วไปทางอาญา,เขียวบุกรุกเข้าไปในบ้านของฟ้าเพื่อประสงค์จะลักทรัพย์โดยได้ลั,29,MCQ,เขียวบุกรุกเข้าไปในบ้านของฟ้าเพื่อประสงค์จะลักทรัพย์โดยได้ลักเอาแหวนเพชรของฟ้าไป ดังนี้ การกระทำของเขียวเป็นความผิดตามข้อใด,"ก. กรรมเดียวผิดกฎหมายหลายเดียว 
ข. กรรมเดียวผิดกฎหมายหลายบท 
ค. หลายกรรมผิดกฎหมายบทเดียว 
ง. หลายกรรมผิดกฎหมายหลายบท 
จ. หลายกรรมผิดกฎหมายหลายบทและหลายกระทง",ง,"มาตรา 90, 91",การเจตนาบุกรุกเข้าไปในเคหสถานเป็นการกระทำส่วนหนึ่งที่สำเร็จในตัวเอง (ความผิดฐานบุกรุก) และเมื่อเข้าไปแล้วเกิดการลักทรัพย์ต่อ ถือเป็นเจตนาแยกต่างหากจากกัน จึงเป็นความผิดสองฐานที่เป็นอนุกรมเรียงกระทง หรือความผิด 'หลายกรรมต่างกัน' ตามมาตรา 91,โจทย์นี้เป็น Level 1 แบบปรนัย เน้นจำแนกหลักกฎหมายและองค์ประกอบพื้นฐาน,หมวดเนื้อหา: บทบัญญัติทั่วไปทางอาญา,"พิจารณามาตรา 90, 91","",นำเข้าจาก pasted-text.txt สำหรับ Level 1 วิชา 41216 วันที่ 2026-07-16
q-level1-41216-import-030,pasted_quiz_data,41216,1,บทบัญญัติทั่วไปทางอาญา,หนึ่งบุกรุกเข้าไปในเคหสถานของสองในเวลากลางวัน ดังนี้ สองต้อง,30,MCQ,หนึ่งบุกรุกเข้าไปในเคหสถานของสองในเวลากลางวัน ดังนี้ สองต้องร้องทุกข์ภายในเวลาเท่าใดนับแต่รู้เรื่องความผิดและรู้ตัวผู้กระทำผิด และต้องฟ้องภายในเวลาไม่เกินเท่าใด,"ก. ต้องร้องทุกข์ภายใน 3 เดือน และต้องฟ้องภายใน 1 ปี 
ข. ต้องร้องทุกข์ภายใน 3 เดือน และต้องฟ้องภายใน 5 ปี 
ค. ต้องร้องทุกข์ภายใน 6 เดือน และต้องฟ้องภายใน 1 ปี 
ง. ต้องร้องทุกข์ภายใน 6 เดือน และต้องฟ้องภายใน 5 ปี 
จ. ต้องร้องทุกข์ภายใน 6 เดือน และต้องฟ้องภายใน 10 ปี",ข,"มาตรา 96, 364",ความผิดฐานบุกรุกเคหสถานในเวลากลางวันตามมาตรา 364 เป็นความผิดอันยอมความได้ (ความผิดต่อส่วนตัว) ซึ่งต้องร้องทุกข์ภายใน 3 เดือนนับแต่รู้เรื่องและรู้ตัวผู้กระทำผิดตามมาตรา 96 และความผิดนี้มีอัตราโทษจำคุกไม่เกิน 1 ปี จึงมีอายุความฟ้องร้อง 5 ปีตามมาตรา 95(4),โจทย์นี้เป็น Level 1 แบบปรนัย เน้นจำแนกหลักกฎหมายและองค์ประกอบพื้นฐาน,หมวดเนื้อหา: บทบัญญัติทั่วไปทางอาญา,"พิจารณามาตรา 96, 364","",นำเข้าจาก pasted-text.txt สำหรับ Level 1 วิชา 41216 วันที่ 2026-07-16
q-level1-41216-import-031,pasted_quiz_data,41216,1,กฎหมายอาญา,การกระทำในข้อใดที่ยัง ไม่ เป็นความผิดเกี่ยวกับความมั่นคงแห่ง,31,MCQ,การกระทำในข้อใดที่ยัง ไม่ เป็นความผิดเกี่ยวกับความมั่นคงแห่งราชอาณาจักร ตาม ป.อ. มาตรา 109,"ก. พกพาอาวุธปืนเพื่อจะยิงผู้สำเร็จราชการแทนพระองค์ 
ข. พกอาวุธปืนเพื่อจะยิงรัชทายาท 
ค. พกพาอาวุธปืนเพื่อจะยิงนายกรัฐมนตรี 
ง. หาปืนมาไว้เพื่อจะยิงผู้สำเร็จราชการแทนพระองค์ 
จ. ทุกข้อเป็นความผิดตาม ป.อ. มาตรา 109",ค,มาตรา 109,มาตรา 109 บัญญัติคุ้มครองเฉพาะพระมหากษัตริย์ พระราชินี รัชทายาท หรือผู้สำเร็จราชการแทนพระองค์ โดยกำหนดโทษขั้นพยายามหรือตระเตรียมการไว้เป็นความผิดเด็ดขาด ส่วนนายกรัฐมนตรีไม่ได้เป็นบุคคลที่ได้รับความคุ้มครองตามหมวดความมั่นคงในมาตรานี้ การพกปืนจึงเป็นเพียงความผิดลหุโทษหรือความผิดตาม พ.ร.บ.อาวุธปืนทั่วไป,โจทย์นี้เป็น Level 1 แบบปรนัย เน้นจำแนกหลักกฎหมายและองค์ประกอบพื้นฐาน,หมวดเนื้อหา: กฎหมายอาญา,พิจารณามาตรา 109,"",นำเข้าจาก pasted-text.txt สำหรับ Level 1 วิชา 41216 วันที่ 2026-07-16
q-level1-41216-import-032,pasted_quiz_data,41216,1,กฎหมายอาญา,ดูหมิ่นเจ้าพนักงานตามข้อใดผู้กระทำ ไม่มีความผิดฐานดูหมิ่นเจ้,32,MCQ,ดูหมิ่นเจ้าพนักงานตามข้อใดผู้กระทำ ไม่มีความผิดฐานดูหมิ่นเจ้าพนักงาน ตาม ป.อ. มาตรา 136,"ก. ดูหมิ่นเจ้าพนักงานเพราะเหตุเจ้าพนักงานให้ใบสั่งเนื่องจากทำผิดกฎจราจร 
ข. ดูหมิ่นเจ้าพนักงานเพราะเหตุเจ้าพนักงานเรียกให้ตรวจวัดระดับแอลกอฮอล์ 
ค. ดูหมิ่นเจ้าพนักงานเพราะเหตุเจ้าพนักงานจับกุมเนื่องจากเล่นการพนันผิดกฎหมาย 
ง. ดูหมิ่นเจ้าพนักงานเพราะเหตุเจ้าพนักงานจอดรถขวางทางเข้าออกบ้านพัก 
จ. ดูหมิ่นเจ้าพนักงานเพราะเหตุเจ้าพนักงานจับกุมตามหมายจับ",ง,มาตรา 136,มาตรา 136 กำหนดว่าต้องเป็นการดูหมิ่นเจ้าพนักงาน 'ซึ่งมิได้กระทำการตามหน้าที่ หรือเพราะได้กระทำการตามหน้าที่' กรณีที่เจ้าหน้าที่ตำรวจจอดรถขวางทางเข้าออกบ้านพักเป็นการส่วนตัว ไม่ใช่การปฏิบัติงานตามหน้าที่สาธารณะ การด่าทอหรือดูหมิ่นจึงไม่ผิดมาตรา 136 (แต่อาจผิดฐานดูหมิ่นซึ่งหน้าธรรมดา),โจทย์นี้เป็น Level 1 แบบปรนัย เน้นจำแนกหลักกฎหมายและองค์ประกอบพื้นฐาน,หมวดเนื้อหา: กฎหมายอาญา,พิจารณามาตรา 136,"",นำเข้าจาก pasted-text.txt สำหรับ Level 1 วิชา 41216 วันที่ 2026-07-16
q-level1-41216-import-033,pasted_quiz_data,41216,1,กฎหมายอาญา,เจ้าพนักงานกระทำตามหน้าที่ตามข้อใด ไม่เป็นความผิดฐานเจ้าพนัก,33,MCQ,เจ้าพนักงานกระทำตามหน้าที่ตามข้อใด ไม่เป็นความผิดฐานเจ้าพนักงานเรียกรับสินบน ตาม ป.อ. มาตรา 149,"ก. เรียกรับทรัพย์สินเพื่อนำส่งให้ผู้บังคับบัญชา 
ข. รับทรัพย์สินเป็นรางวัลหลังจากปฏิบัติหน้าที่เรียบร้อยแล้ว 
ค. เรียกรับทรัพย์สินเพื่อที่จะเร่งรัดการทำตามหน้าที่ 
ง. เรียกร้องขอรับบริการโดยไม่ต้องจ่ายค่าบริการ 
จ. ไม่มีข้อใดถูก",ข,มาตรา 149,มาตรา 149 จะเป็นความผิดก็ต่อเมื่อเป็นการเรียก รับ หรือยอมจะรับ ทรัพย์สินหรือประโยชน์โดยมิชอบ 'เพื่อกระทำการหรือไม่กระทำการอย่างใดในหน้าที่' แต่การรับทรัพย์สินที่เป็นรางวัลสินน้ำใจ 'หลังจาก' ที่ได้กระทำหน้าที่เสร็จสิ้นไปแล้วโดยไม่ได้มีการเรียกร้องหรือตกลงกันไว้ก่อน ขาดองค์ประกอบความผิดตามมาตรา 149 (ตามแนวคำพิพากษาศาลฎีกา),โจทย์นี้เป็น Level 1 แบบปรนัย เน้นจำแนกหลักกฎหมายและองค์ประกอบพื้นฐาน,หมวดเนื้อหา: กฎหมายอาญา,พิจารณามาตรา 149,"",นำเข้าจาก pasted-text.txt สำหรับ Level 1 วิชา 41216 วันที่ 2026-07-16
q-level1-41216-import-034,pasted_quiz_data,41216,1,กฎหมายอาญา,ข้อใดไม่ถือเป็นการปลอมเอกสารความผิดฐานเจ้าพนักงานปลอมเอกสารโ,34,MCQ,ข้อใดไม่ถือเป็นการปลอมเอกสารความผิดฐานเจ้าพนักงานปลอมเอกสารโดยอาศัยโอกาสที่มีหน้าที่ ตาม ป.อ. มาตรา 161,"ก. เจ้าพนักงานจัดทำคำสั่งโยกย้ายขึ้นโดยให้เข้าใจว่าเป็นคำสั่งของผู้ว่าราชการจังหวัด 
ข. เจ้าพนักงานทำการแก้ไขรายชื่อผู้ได้รับรางวัลเกษตรกรดีเด่นในคำสั่งตัวจริง 
ค. เจ้าพนักงานลงนามในคำสั่งอนุมัติงบประมาณ โดยลงนามเป็นลายมือชื่อของผู้ว่าราชการจังหวัด 
ง. เจ้าพนักงานกรอกข้อความลงในกระดาษซึ่งมีลายมือชื่อของนายอำเภอโดยไม่ได้รับความยินยอม 
จ. เจ้าพนักงานจัดทำรายงานการเงินโดยมีข้อความไม่ตรงกับความเป็นจริง",จ,"มาตรา 161, 162",การปลอมเอกสาร (ข้อ ก-ง) คือการทำเอกสารเท็จให้เข้าใจว่าเป็นเอกสารจริงหรือมีการแก้ไขเอกสารของผู้อื่น ส่วนการที่เจ้าพนักงานมีหน้าที่ทำรายงานการเงินแล้วบันทึกข้อมูลเท็จลงไปในเอกสารของตนเอง ไม่ใช่การปลอมเอกสาร แต่เป็นความผิดฐาน 'เจ้าพนักงานจดข้อความอันเป็นเท็จลงในเอกสาร' ตามมาตรา 162,โจทย์นี้เป็น Level 1 แบบปรนัย เน้นจำแนกหลักกฎหมายและองค์ประกอบพื้นฐาน,หมวดเนื้อหา: กฎหมายอาญา,"พิจารณามาตรา 161, 162","",นำเข้าจาก pasted-text.txt สำหรับ Level 1 วิชา 41216 วันที่ 2026-07-16
q-level1-41216-import-035,pasted_quiz_data,41216,1,กฎหมายอาญา,ข้อความใดกล่าวถูกต้องเกี่ยวกับความผิดฐานเบิกความเท็จตาม ป.อ.,35,MCQ,ข้อความใดกล่าวถูกต้องเกี่ยวกับความผิดฐานเบิกความเท็จตาม ป.อ. มาตรา 177,"ก. ความผิดฐานเบิกความเท็จเป็นความผิดที่กระทำต่อพนักงานสอบสวน 
ข. ความผิดฐานเบิกความเท็จเป็นความผิดที่กระทำต่อพนักงานอัยการ และศาล 
ค. ความผิดฐานเบิกความเท็จเป็นความผิดที่กระทำต่อศาลในการพิจารณาคดี 
ง. ความผิดฐานเบิกความเท็จเป็นความผิดที่กระทำต่อศาลในการพิจารณาคดีแพ่งและคดีอาญา 
จ. ความผิดฐานเบิกความเท็จเป็นความผิดที่กระทำต่อศาลในการพิจารณาคดีแพ่งและคดีอาญา และความเท็จนั้นต้องเป็นข้อสำคัญในคดี",จ,มาตรา 177,ความผิดฐานเบิกความเท็จตามมาตรา 177 องค์ประกอบระบุชัดเจนว่า ต้องเป็นการเบิกความอันเป็นเท็จในการพิจารณาคดีต่อศาล (ไม่รวมชั้นพนักงานสอบสวนหรืออัยการ) ใช้ได้ทั้งคดีแพ่งและอาญา และกฎหมายมีเงื่อนไขสำคัญว่า 'ความเท็จนั้นต้องเป็นข้อสำคัญในคดี' มิฉะนั้นจะไม่เป็นความผิด,โจทย์นี้เป็น Level 1 แบบปรนัย เน้นจำแนกหลักกฎหมายและองค์ประกอบพื้นฐาน,หมวดเนื้อหา: กฎหมายอาญา,พิจารณามาตรา 177,"",นำเข้าจาก pasted-text.txt สำหรับ Level 1 วิชา 41216 วันที่ 2026-07-16
q-level1-41216-import-036,pasted_quiz_data,41216,1,กฎหมายอาญา,เจ้าหน้าที่ราชทัณฑ์กระทำโดยประมาททำให้ผู้ต้องขังหลุดพ้นจากกา,36,MCQ,เจ้าหน้าที่ราชทัณฑ์กระทำโดยประมาททำให้ผู้ต้องขังหลุดพ้นจากการคุมขังไป แต่ได้พยายามติดตามจับกุมมาได้ภายในกำหนด 3 เดือน ดังนี้เจ้าหน้าที่ราชทัณฑ์จะมีความผิดหรือไม่อย่างไร,"ก. เจ้าหน้าที่ราชทัณฑ์ยังมีความผิดอยู่แต่กฎหมายให้งดการลงโทษ 
ข. เจ้าหน้าที่ราชทัณฑ์มีความผิดแต่ศาลจะไม่ลงโทษก็ได้ 
ค. เจ้าหน้าที่ราชทัณฑ์มีความผิดแต่ศาลจะลงโทษน้อยกว่าที่กฎหมายกำหนดไว้เพียงใดก็ได้ 
ง. เจ้าหน้าที่ราชทัณฑ์ไม่มีความผิดเพราะได้ตัวผู้ต้องขังกลับคืนมาแล้ว 
จ. เจ้าหน้าที่ราชทัณฑ์ไม่มีความผิดเพราะ กฎหมายบัญญัติยกเว้นไม่ต้องรับโทษ",ข,มาตรา 205,ตามมาตรา 205 บัญญัติว่า ถ้าความผิดตามมาตรา 204 (เจ้าพนักงานประมาททำให้นักโทษหนี) ผู้กระทำความผิดได้จัดให้ได้ตัวผู้ที่หลุดพ้นจากการคุมขังกลับคืนมาภายในสามเดือน 'ศาลจะไม่ลงโทษผู้กระทำความผิดก็ได้' (เป็นเหตุยกเว้นโทษชั่วคราวตามดุลยพินิจศาล),โจทย์นี้เป็น Level 1 แบบปรนัย เน้นจำแนกหลักกฎหมายและองค์ประกอบพื้นฐาน,หมวดเนื้อหา: กฎหมายอาญา,พิจารณามาตรา 205,"",นำเข้าจาก pasted-text.txt สำหรับ Level 1 วิชา 41216 วันที่ 2026-07-16
q-level1-41216-import-037,pasted_quiz_data,41216,1,กฎหมายอาญา,การกระทำอย่างไรจึงจะเรียกว่าผิดฐานเป็นซ่องโจร,37,MCQ,การกระทำอย่างไรจึงจะเรียกว่าผิดฐานเป็นซ่องโจร,"ก. บุคคลไม่ต่ำกว่า 5 คน ตกลงจะค้าของหนีภาษี 
ข. บุคคลไม่ต่ำกว่า 5 คน ตกลงสมคบกันจะไปทำร้ายผู้อื่นเพื่อแก้แค้น 
ค. บุคคลไม่ต่ำกว่า 3 คน ตกลงจะไปปล้นผู้อื่น 
ง. บุคคล 5 คน คบคิดกันไปขนเฮโรอีน 
จ. บุคคลไม่ต่ำกว่า 5 คน ร่วมกันไปทำร้ายผู้อื่น โดยแบ่งหน้าที่กันทำ",ข,มาตรา 210,ความผิดฐานซ่องโจรตามมาตรา 210 กำหนดจำนวนบุคคลไว้ว่าต้องตั้งแต่ 'ห้าคนขึ้นไป' สมคบกันเพื่อกระทำความผิดตามที่บัญญัติไว้ในภาค 2 นี้ และความผิดนั้นต้องมีกำหนดโทษจำคุกขั้นสูงตั้งแต่หนึ่งปีขึ้นไป การสมคบกันไปทำร้ายร่างกาย (มาตรา 295) จึงเข้าเงื่อนไขซ่องโจร ส่วนข้อ ค จำนวนคนไม่ครบ,โจทย์นี้เป็น Level 1 แบบปรนัย เน้นจำแนกหลักกฎหมายและองค์ประกอบพื้นฐาน,หมวดเนื้อหา: กฎหมายอาญา,พิจารณามาตรา 210,"",นำเข้าจาก pasted-text.txt สำหรับ Level 1 วิชา 41216 วันที่ 2026-07-16
q-level1-41216-import-038,pasted_quiz_data,41216,1,กฎหมายอาญา,เขียวจะไม่ต้องรับผิดในกรณีใด,38,MCQ,เขียวจะไม่ต้องรับผิดในกรณีใด,"ก. จุดไฟเผาหญ้าในสวน แล้วไม่ระวัง ไฟลามไปไหม้ต้นข้าวโพดของผู้อื่นเสียหาย 
ข. ใช้ถ่านทำอาหารเสร็จแล้ว เอาถ่านที่กำลังคุอยู่ทิ้งลงไปใต้ถุนบ้าน ซึ่งมีกองขยะอยู่ทำให้เกิดไฟไหม้บ้านเสียหายหลายหลัง 
ค. ไปพักบ้านคนอื่น ใช้เตารีดไฟฟ้ารีดผ้าแล้วไม่ถอดปลั๊กออก เตารีดร้อนจัดทำให้ไฟไหม้โต๊ะรีดผ้าเสียหาย 
ง. เกิดไฟฟ้าลัดวงจรในบ้านตอนกลางคืนเพราะใช้อุปกรณ์ไฟฟ้าที่ใช้งานมานาน ทำให้ไฟไหม้บ้านหลายหลัง 
จ. จุดกองไฟเพื่อไล่ยุง แล้วดับไม่สนิทเป็นเหตุให้ไฟไหม้บ้านผู้อื่น",ง,มาตรา 225 (กระทำโดยประมาททำให้เกิดเพลิงไหม้),การเกิดไฟฟ้าลัดวงจรเนื่องจากอุปกรณ์ไฟฟ้าเก่าเสื่อมสภาพตามเวลาปกติในเวลากลางคืน โดยที่เจ้าของบ้านไม่ได้กระทำการใดที่เป็นการจงใจหรือประมาทเลินเล่อโดยตรง ถือเป็นอุบัติเหตุหรือเหตุสุดวิสัย ไม่ใช่การกระทำโดยประมาทของบุคคล เขียวจึงไม่ต้องรับผิดทางอาญา,โจทย์นี้เป็น Level 1 แบบปรนัย เน้นจำแนกหลักกฎหมายและองค์ประกอบพื้นฐาน,หมวดเนื้อหา: กฎหมายอาญา,พิจารณามาตรา 225,"",นำเข้าจาก pasted-text.txt สำหรับ Level 1 วิชา 41216 วันที่ 2026-07-16
q-level1-41216-import-039,pasted_quiz_data,41216,1,กฎหมายอาญา,เอาป้ายทะเบียนแท้จริงของรถยนต์คันหนึ่งของตนมาติดไว้ประจำที่ร,39,MCQ,เอาป้ายทะเบียนแท้จริงของรถยนต์คันหนึ่งของตนมาติดไว้ประจำที่รถอีกคันหนึ่งของตน ไม่เป็นความผิดฐานใช้เอกสารราชการปลอม เพราะเหตุใด,"ก. ไม่น่าเสียหายแก่ผู้อื่นและประชาชน 
ข. ไม่ถือว่าเป็นการใช้ 
ค. ป้ายทะเบียนรถยนต์เป็นป้ายแท้จริง 
ง. ทำได้ตามหลักกรรมสิทธิ์ 
จ. ไม่ทำให้ผู้อื่นหลงเชื่อว่าเป็นเอกสารแท้จริง",ค,"มาตรา 265, 268",ความผิดฐานใช้เอกสารราชการปลอม ตัววัตถุแห่งการกระทำต้องเป็น 'เอกสารปลอม' (สร้างขึ้นใหม่หรือดัดแปลงโดยไม่มีอำนาจ) แต่การนำแผ่นป้ายทะเบียนจริงซึ่งออกโดยกรมการขนส่งทางบก (แม้จะผิดคัน) มาติด ตัวแผ่นป้ายยังคงเป็น 'เอกสารแท้จริง' จึงขาดองค์ประกอบภายนอกเรื่องวัตถุปลอม (ตามแนวคำพิพากษาศาลฎีกา),โจทย์นี้เป็น Level 1 แบบปรนัย เน้นจำแนกหลักกฎหมายและองค์ประกอบพื้นฐาน,หมวดเนื้อหา: กฎหมายอาญา,"พิจารณามาตรา 265, 268","",นำเข้าจาก pasted-text.txt สำหรับ Level 1 วิชา 41216 วันที่ 2026-07-16
q-level1-41216-import-040,pasted_quiz_data,41216,1,กฎหมายอาญา,ถ้าผู้ใดปลอมเอกสารและใช้เอกสารปลอมด้วย ผู้นั้นจะต้องรับผิดอย,40,MCQ,ถ้าผู้ใดปลอมเอกสารและใช้เอกสารปลอมด้วย ผู้นั้นจะต้องรับผิดอย่างไร,"ก. เรียงกระทงลงโทษ 
ข. เพียงกระทงเดียวคือใช้เอกสารปลอม 
ค. เพียงกระทงเดียวคือฐานปลอมแปลงเอกสาร 
ง. เป็นทวีคูณด้วยการเพิ่มโทษเท่าตัว 
จ. ลงโทษกระทงเดียวเฉพาะบทที่มีโทษหนัก",ข,มาตรา 268 วรรคสอง,มาตรา 268 วรรคสอง บัญญัติเป็นข้อยกเว้นไว้ว่า ถ้าผู้ปลอมเอกสารตามมาตรา 264-266 เป็นผู้ใช้เอกสารปลอมนั้นเองตามมาตรา 268 วรรคแรก ให้ลงโทษตามมาตรา 268 ฐานใช้เอกสารปลอม 'แต่กระทงเดียว' โดยไม่ต้องลงโทษฐานปลอมเอกสารซ้อนอีก,โจทย์นี้เป็น Level 1 แบบปรนัย เน้นจำแนกหลักกฎหมายและองค์ประกอบพื้นฐาน,หมวดเนื้อหา: กฎหมายอาญา,พิจารณามาตรา 268,"",นำเข้าจาก pasted-text.txt สำหรับ Level 1 วิชา 41216 วันที่ 2026-07-16
q-level1-41216-import-041,pasted_quiz_data,41216,1,บทบัญญัติทั่วไปทางอาญา,แดงประสงค์จะฆ่าดำ ซึ่งกำลังป่วยรักษาตัวอยู่ในโรงพยาบาล แดงจึ,41,MCQ,แดงประสงค์จะฆ่าดำ ซึ่งกำลังป่วยรักษาตัวอยู่ในโรงพยาบาล แดงจึงแอบเอายาพิษไปใส่ในหลอดยาฉีดที่พยาบาลเตรียมไว้เพื่อฉีดให้ดำ โดยพยาบาลฉีดยานั้นให้ดำโดยไม่ทราบความจริง ดำถึงแก่ความตายเพราะเหตุดังกล่าว เช่นนี้แดงกับพยาบาลจะมีความผิดฐานใดหรือไม่อย่างไร,"ก. แดง และพยาบาลมีความผิดฐานร่วมกันฆ่าผู้อื่นโดยเจตนา 
ข. แดงไม่มีความผิด เพราะไม่ได้เป็นคนลงมือฆ่าดำเอง ส่วนพยาบาลมีความผิดฐานประมาทเป็นเหตุให้ผู้อื่นถึงแก่ความตาย 
ค. แดงมีความผิดฐาน ฆ่าผู้อื่นโดยเจตนา ส่วนพยาบาลไม่มีความผิดเพราะขาดเจตนา 
ง. แดงมีความผิดฐานฆ่าผู้อื่นโดยเจตนา พยาบาลมีความผิดฐานฆ่าผู้อื่นโดยไม่เจตนา 
จ. แดงมีความผิดฐานฆ่าผู้อื่น ส่วนพยาบาลมีความผิดเพียงฐานพยายามฆ่าเท่านั้น",ค,"มาตรา 59, 288",แดงใช้พยาบาลเป็นเครื่องมือในการกระทำความผิดโดยที่พยาบาลไม่รู้อันแท้จริง (ตัวการทางอ้อม / Innocent Agent) แดงจึงมีความผิดฐานฆ่าผู้อื่นโดยเจตนาเสมือนลงมือเอง ส่วนพยาบาลปฏิบัติหน้าที่ตามปกติโดยไม่มีเหตุอันควรทราบว่ามียาพิษ พยาบาลจึงขาดเจตนาและไม่ประมาท พยาบาลจึงไม่มีความผิด,โจทย์นี้เป็น Level 1 แบบปรนัย เน้นจำแนกหลักกฎหมายและองค์ประกอบพื้นฐาน,หมวดเนื้อหา: บทบัญญัติทั่วไปทางอาญา,"พิจารณามาตรา 59, 288","",นำเข้าจาก pasted-text.txt สำหรับ Level 1 วิชา 41216 วันที่ 2026-07-16
q-level1-41216-import-042,pasted_quiz_data,41216,1,ความผิดต่อชีวิตและร่างกาย,การเข้าร่วมในการชุลมุนต่อสู้ระหว่างบุคคลตั้งแต่สามคนขึ้นไป จ,42,MCQ,การเข้าร่วมในการชุลมุนต่อสู้ระหว่างบุคคลตั้งแต่สามคนขึ้นไป จนเป็นเหตุให้บุคคลหนึ่งบุคคลใดถึงแก่ความตายนั้น จะเป็นความผิดเสมอไปหรือไม่,"ก. ไม่เป็นความผิดหากมิได้กระทำเกินสมควรแก่เหตุ 
ข. ไม่เป็นความผิดเสมอไป ต้องแล้วแต่เจตนาของผู้กระทำ 
ค. เป็นความผิดเสมอไป ไม่ว่าจะมีเจตนาหรือมูลเหตุชักจูงเช่นไรก็ตาม 
ง. เป็นความผิดเว้นแต่แสดงได้ว่าได้กระทำไปเพื่อห้าม จึงไม่ต้องรับโทษ 
จ. ไม่เป็นความผิดหากมิได้ทำร้ายผู้อื่น",ง,มาตรา 294 วรรคสอง,ตามมาตรา 294 วรรคสอง บัญญัติข้อยกเว้นไว้ชัดเจนว่า บุคคลผู้เข้าร่วมชุลมุนต่อสู้ในมาตรานี้ หากแสดงได้ว่ากระทำไปเพื่อ 'ห้ามการชุลมุนต่อสู้นั้น หรือเพื่อป้องกันโดยชอบด้วยกฎหมาย' บุคคลนั้นย่อมไม่ต้องรับโทษ,โจทย์นี้เป็น Level 1 แบบปรนัย เน้นจำแนกหลักกฎหมายและองค์ประกอบพื้นฐาน,หมวดเนื้อหา: ความผิดต่อชีวิตและร่างกาย,พิจารณามาตรา 294,"",นำเข้าจาก pasted-text.txt สำหรับ Level 1 วิชา 41216 วันที่ 2026-07-16
q-level1-41216-import-043,pasted_quiz_data,41216,1,บทบัญญัติทั่วไปทางอาญา,การวินิจฉัยผู้กระทำจะมีความผิดฐานทำร้ายร่างกายหรือฐานพยายามฆ,43,MCQ,การวินิจฉัยผู้กระทำจะมีความผิดฐานทำร้ายร่างกายหรือฐานพยายามฆ่าผู้อื่น ต้องยึดหลักอะไร,"ก. สภาพแวดล้อมเป็นกรณี ๆ ไป 
ข. ลักษณะของอาวุธที่ผู้กระทำผิดใช้ 
ค. อาวุธที่ใช้และบาดแผลที่ได้รับ 
ง. ลักษณะของบาดแผลที่ผู้เสียหายได้รับ 
จ. เจตนาของผู้กระทำว่ามีเจตนาทำร้ายหรือเจตนาฆต์",จ,"มาตรา 59, 288, 295",ในการแบ่งแยกฐานความผิดระหว่างทำร้ายร่างกายกับพยายามฆ่า สิ่งสำคัญที่สุดคือ 'เจตนาภายในของผู้กระทำ' (มาตรา 59) ว่ามีเจตนาประสงค์ฆ่าหรือเพียงแค่ทำร้าย โดยศาลจะพิจารณาจากปัจจัยภายนอกประกอบ เช่น อาวุธ และอวัยวะที่กระทำ เพื่อค้นหาเจตนาที่แท้จริง,โจทย์นี้เป็น Level 1 แบบปรนัย เน้นจำแนกหลักกฎหมายและองค์ประกอบพื้นฐาน,หมวดเนื้อหา: บทบัญญัติทั่วไปทางอาญา,"พิจารณามาตรา 59, 288, 295","",นำเข้าจาก pasted-text.txt สำหรับ Level 1 วิชา 41216 วันที่ 2026-07-16
q-level1-41216-import-044,pasted_quiz_data,41216,1,บทบัญญัติทั่วไปทางอาญา,แสดเดินเข้าป่าชุมชนท้ายหมู่บ้านเพื่อล่าสัตว์ เห็นพุ่มไม้สั่น,44,MCQ,แสดเดินเข้าป่าชุมชนท้ายหมู่บ้านเพื่อล่าสัตว์ เห็นพุ่มไม้สั่นไหวเข้าใจว่าเป็นสัตว์แอบซ่อนอยู่จึงเอาปืนยิงเข้าไปทันที ถูกเขียวนั่งอยู่ในพุ่มไม้ได้รับอันตรายสาหัส เช่นนี้ แสดมีความผิดฐานใดหรือไม่,"ก. แสดไม่มีความผิด เพราะแสดไม่รู้ว่าในพุ่มไม้มีคน แสดจึงไม่รู้ข้อเท็จจริงอันเป็นองค์ประกอบของความผิด 
ข. แสดมีความผิดฐานพยายามฆ่าเพราะแสดควรเล็งเห็นได้ว่า อาจมีคนนั่งอยู่ในพุ่มไม้ 
ค. แสอดมีความผิดฐานพยายามฆ่า แต่ไม่ต้องรับโทษเพราะสำคัญผิดว่าเป็นสัตว์ 
ง. แสดมีความผิดฐานกระทำโดยประมาทเป็นเหตุให้ผู้อื่นได้รับอันตรายสาหัส เพราะการที่แสดไม่รู้ข้อเท็จจริงว่าในพุ่มไม้เป็นเขียวนั้นเกิดจากความประมาทของแสดเอง 
จ. แสดมีความผิดฐานทำร้ายผู้อื่นเป็นเหตุให้ผู้อื่นรับอันตรายสาหัส เพราะแสดย่อมเล็งเห็นได้ว่าภายในพุ่มไม้นั้นมีคนซุกซ่อนอยู่",ง,มาตรา 59 วรรคสาม และวรรคสี่,แสดไม่รู้ข้อเท็จจริงว่ามีคนในพุ่มไม้จึงขาดเจตนาฆ่าหรือทำร้ายตามมาตรา 59 วรรคสาม แต่อย่างไรก็ตาม การยิงปืนเข้าไปในพุ่มไม้สั่นไหวโดยไม่ตรวจสอบให้แน่ชัด ถือเป็นการกระทำโดยปราศจากความระมัดระวังซึ่งบุคคลย่อมต้องมี แสดจึงต้องรับผิดฐานกระทำโดยประมาทเป็นเหตุให้ผู้อื่นรับอันตรายสาหัสตามมาตรา 300,โจทย์นี้เป็น Level 1 แบบปรนัย เน้นจำแนกหลักกฎหมายและองค์ประกอบพื้นฐาน,หมวดเนื้อหา: บทบัญญัติทั่วไปทางอาญา,พิจารณามาตรา 59,"",นำเข้าจาก pasted-text.txt สำหรับ Level 1 วิชา 41216 วันที่ 2026-07-16
q-level1-41216-import-045,pasted_quiz_data,41216,1,ความผิดต่อชีวิตและร่างกาย,นางแดงซึ่งตั้งครรภ์ได้เดินลื่นล้มตกบันไดสลบไปจึงถูกส่งตัวไปโ,45,MCQ,นางแดงซึ่งตั้งครรภ์ได้เดินลื่นล้มตกบันไดสลบไปจึงถูกส่งตัวไปโรงพยาบาล นายแพทย์ขาวเห็นว่านางแดงเลือดออกมาก ถ้าไม่ทำแท้งอาจเป็นเหตุให้นางแดงถึงแก่ความตาย จึงได้ทำแท้งให้นางแดงขณะที่นางแดงสลบอยู่ นายแพทย์ขาวมีความผิดและต้องรับผิดฐานทำให้หญิงแท้งลูกหรือไม่,"ก. ไม่ผิด เพราะจำเป็นต้องกระทำเพื่อช่วยชีวิตนางแดง 
ข. ไม่ผิด เพราะขาวเป็นนายแพทย์ 
ค. ไม่ผิด เพราะถือว่านางแดงยินยอมให้ทำแท้งโดยปริยาย 
ง. ผิด แต่ไม่ต้องรับโทษเพราะเป็นการกระทำความผิดด้วยความจำเป็น 
จ. ผิด และต้องรับโทษฐานทำให้หญิงแท้งลูกเพราะหญิงไม่ยินยอม",ก,มาตรา 305(1) (ประกอบมาตรา 67),ตามประมวลกฎหมายอาญา มาตรา 305(1) (ฉบับแก้ไขเพิ่มเติม) บัญญัติยกเว้นความผิดไว้ชัดเจนว่า หากเป็นการกระทำของนายแพทย์ผู้ประกอบวิชาชีพเวชกรรม และจำเป็นต้องกระทำเนื่องจากหากหญิงตั้งครรภ์ต่อไปจะเสี่ยงต่ออันตรายร้ายแรงต่อชีวิต การทำแท้งนั้นไม่เป็นความผิด,โจทย์นี้เป็น Level 1 แบบปรนัย เน้นจำแนกหลักกฎหมายและองค์ประกอบพื้นฐาน,หมวดเนื้อหา: ความผิดต่อชีวิตและร่างกาย,"พิจารณามาตรา 305, 1, 67","",นำเข้าจาก pasted-text.txt สำหรับ Level 1 วิชา 41216 วันที่ 2026-07-16
q-level1-41216-import-046,pasted_quiz_data,41216,1,กฎหมายอาญา,ดำได้โอบเอวและขู่เข็ญบังคับให้เด็กชายแดงอายุ 15 ปี แก้ผ้าให้,46,MCQ,ดำได้โอบเอวและขู่เข็ญบังคับให้เด็กชายแดงอายุ 15 ปี แก้ผ้าให้ดำดูอวัยวะเพศเพื่อสนองความใคร่ของดำ ดำมีความผิดฐานใด,"ก. พยายามข่มขู่กระทำชำเราเด็กอายุไม่เกิน 15 ปี 
ข. ข่มขืนกระทำชำเราเด็กอายุไม่เกิน 15 ปี 
ค. กระทำอนาจารเด็กอายุไม่เกิน 15 ปี 
ง. กระทำชำเราเด็กอายุไม่เกิน 15 ปี โดยเด็กไม่ยินยอม 
จ. ไม่มีความผิดเกี่ยวกับเพศ แต่มีความผิดต่อเสรีภาพ",ค,มาตรา 279,การบังคับให้เด็กแก้ผ้าเพื่อดูอวัยวะเพศเป็นการกระทำอันไม่สมควรในทางเพศต่อเด็ก โดยมีเจตนาสนองความใคร่ ถือเป็นการล่วงละเมิดทางเพศที่เข้าข่ายความผิดฐาน 'กระทำอนาจารแก่เด็กอายุไม่เกินสิบห้าปี' ตามมาตรา 279 แม้จะไม่มีการล่วงล้ำอวัยวะเพศก็ตาม,โจทย์นี้เป็น Level 1 แบบปรนัย เน้นจำแนกหลักกฎหมายและองค์ประกอบพื้นฐาน,หมวดเนื้อหา: กฎหมายอาญา,พิจารณามาตรา 279,"",นำเข้าจาก pasted-text.txt สำหรับ Level 1 วิชา 41216 วันที่ 2026-07-16
q-level1-41216-import-047,pasted_quiz_data,41216,1,ความผิดเกี่ยวกับเสรีภาพ เพศ และชื่อเสียง,กฎหมายกำหนดช่วงอายุของผู้เยาว์ที่จะถูกพรากไว้เท่าใด ผู้พรากผ,47,MCQ,กฎหมายกำหนดช่วงอายุของผู้เยาว์ที่จะถูกพรากไว้เท่าใด ผู้พรากผู้เยาว์จึงจะมีความผิดฐานพรากผู้เยาว์,"ก. อายุกว่า 7 ปี แต่ไม่เกิน 10 ปี 
ข. อายุกว่า 10 ปี แต่ไม่เกิน 13 ปี 
ค. อายุกว่า 13 ปี แต่ไม่เกิน 15 ปี 
ง. อายุกว่า 15 ปี แต่ไม่เกิน 18 ปี 
จ. อายุกว่า 18 ปี แต่ไม่เกิน 20 ปี",ง,"มาตรา 318, 319",ความผิดฐานพรากผู้เยาว์ตามกฎหมายอาญา (มาตรา 318 และ 319) กำหนดวัตถุแห่งการกระทำไว้เฉพาะเด็กผู้เยาว์ที่มี 'อายุกว่าสิบห้าปีแต่ยังไม่เกินสิบแปดปี' เท่านั้น (หากต่ำกว่า 15 ปี จะเป็นฐานความผิดพรากเด็กตามมาตรา 317),โจทย์นี้เป็น Level 1 แบบปรนัย เน้นจำแนกหลักกฎหมายและองค์ประกอบพื้นฐาน,หมวดเนื้อหา: ความผิดเกี่ยวกับเสรีภาพ เพศ และชื่อเสียง,"พิจารณามาตรา 318, 319","",นำเข้าจาก pasted-text.txt สำหรับ Level 1 วิชา 41216 วันที่ 2026-07-16
q-level1-41216-import-048,pasted_quiz_data,41216,1,ความผิดเกี่ยวกับเสรีภาพ เพศ และชื่อเสียง,นางสาวฉ่ำอายุ 16 ปี เป็นเด็กใจแตกชอบรักสนุก ชุ่มได้ชวนนางสาว,48,MCQ,นางสาวฉ่ำอายุ 16 ปี เป็นเด็กใจแตกชอบรักสนุก ชุ่มได้ชวนนางสาวฉ่ำไปดูภาพยนตร์แล้วพากันไปนอนค้างที่โรงแรมและกระทำชำเรา โดยนางสาวฉ่ำเต็มใจ รุ่งเช้าชุ่มพานางสาวฉ่ำไปส่งที่บ้านบิดามารดา ดังนี้ชุ่มมีความผิดหรือไม่อย่างไร,"ก. มีความผิดฐานพรากนางสาวฉ่ำไปเสียจากบิดามารดาโดยปราศจากเหตุผลอันควรตาม มาตรา 317 
ข. มีความผิดฐานกระทำชำเรานางสาวฉ่ำตาม มาตรา 276 
ค. มีความผิดฐานพรากนางสาวฉ่ำไปเสียจากบิดามารดาเพื่อการอนาจาร โดยนางสาวฉ่ำเต็มใจไปด้วยตาม มาตรา 319 
ง. ไม่มีความผิดใด ๆ เลยเพราะนางสาวฉ่ำอายุเกิน 15 ปี 
จ. ไม่มีความผิดใด ๆ เลยเพราะนางสาวฉ่ำยินยอม",ค,มาตรา 319,นางสาวฉ่ำอายุ 16 ปี (อยู่ในช่วง 15-18 ปี) แม้ฉ่ำจะเต็มใจยินยอมไปด้วยและไปร่วมประเวณีกัน แต่การพาเด็กไปค้างแรมเพื่อร่วมเพศถือเป็นการตัดอำนาจปกครองดูแลของบิดามารดาเพื่อการอนาจาร ชุ่มจึงมีความผิดฐานพรากผู้เยาว์เพื่อการอนาจารโดยผู้เยาว์เต็มใจไปด้วยตามมาตรา 319 วรรคแรก,โจทย์นี้เป็น Level 1 แบบปรนัย เน้นจำแนกหลักกฎหมายและองค์ประกอบพื้นฐาน,หมวดเนื้อหา: ความผิดเกี่ยวกับเสรีภาพ เพศ และชื่อเสียง,พิจารณามาตรา 319,"",นำเข้าจาก pasted-text.txt สำหรับ Level 1 วิชา 41216 วันที่ 2026-07-16
q-level1-41216-import-049,pasted_quiz_data,41216,1,ความผิดเกี่ยวกับเสรีภาพ เพศ และชื่อเสียง,ข้อใดมิใช่ความหมายของการ “ใส่ความ” ในความผิดฐานหมิ่นประมาท,49,MCQ,ข้อใดมิใช่ความหมายของการ “ใส่ความ” ในความผิดฐานหมิ่นประมาท,"ก. เป็นการแสดงข้อเท็จจริงที่เป็นความจริงเท่านั้น 
ข. เป็นการแสดงข้อเท็จจริงอันแน่นอน 
ค. เป็นการแสดงข้อเท็จจริงในอดีตหรือปัจจุบัน 
ง. เป็นการแสดงข้อเท็จจริงที่น่าจะทำให้ผู้อื่นเสียชื่อเสียง 
จ. ไม่มีข้อใดถูก เพราะทุกข้อเป็นความหมายของการใส่ความ",ก,มาตรา 326,การใส่ความในความผิดฐานหมิ่นประมาท หมายถึง การนำข้อเท็จจริงหรือเรื่องราวใดๆ ไปยืนยันบอกเล่าต่อบุคคลที่สาม ไม่ว่าเรื่องนั้นจะ 'เป็นความจริงหรือความเท็จ' ก็ตาม หากทำให้ผู้ถูกใส่ความเสียชื่อเสียง ย่อมเป็นหมิ่นประมาท ข้อความที่บอกว่าต้องเป็นความจริงเท่านั้นจึงผิด,โจทย์นี้เป็น Level 1 แบบปรนัย เน้นจำแนกหลักกฎหมายและองค์ประกอบพื้นฐาน,หมวดเนื้อหา: ความผิดเกี่ยวกับเสรีภาพ เพศ และชื่อเสียง,พิจารณามาตรา 326,"",นำเข้าจาก pasted-text.txt สำหรับ Level 1 วิชา 41216 วันที่ 2026-07-16
q-level1-41216-import-050,pasted_quiz_data,41216,1,ความผิดเกี่ยวกับเสรีภาพ เพศ และชื่อเสียง,ข้อใดมิใช่เหตุที่กฎหมายยกเว้นความผิดฐานหมิ่นประมาท ตาม ป.อ. ,50,MCQ,ข้อใดมิใช่เหตุที่กฎหมายยกเว้นความผิดฐานหมิ่นประมาท ตาม ป.อ. มาตรา 329,"ก. แสดงความคิดเห็นในฐานะเป็นเจ้าพนักงานปฏิบัติการตามหน้าที่ 
ข. แสดงข้อความโดยสุจริตในการแจ้งข่าวด้วยความเป็นธรรม 
ค. แสดงความคิดเห็นโดยเชื่อว่าเป็นความจริง 
ง. แสดงข้อความโดยสุจริต เพื่อติชมด้วยความเป็นธรรม 
จ. แสดงความคิดเห็นเพื่อป้องกันตนตามคลองธรรม",ค,มาตรา 329,"มาตรา 329 ยกเว้นความผิดหมิ่นประมาทให้เฉพาะผู้ที่แสดงความคิดเห็นโดยสุจริตใน 4 กรณีคือ ป้องกันตน/ส่วนได้เสีย, เจ้าพนักงานตามหน้าที่, ติชมด้วยความเป็นธรรม หรือแจ้งข่าวด้วยความเป็นธรรม การแสดงความเห็นเพียงเพราะ 'เชื่อว่าเป็นความจริง' โดยไม่เข้าข่าย 4 ข้อนี้ ไม่ได้รับยกเว้นความผิด",โจทย์นี้เป็น Level 1 แบบปรนัย เน้นจำแนกหลักกฎหมายและองค์ประกอบพื้นฐาน,หมวดเนื้อหา: ความผิดเกี่ยวกับเสรีภาพ เพศ และชื่อเสียง,พิจารณามาตรา 329,"",นำเข้าจาก pasted-text.txt สำหรับ Level 1 วิชา 41216 วันที่ 2026-07-16
q-level1-41216-import-051,pasted_quiz_data,41216,1,ความผิดเกี่ยวกับทรัพย์,ข้อใดเป็นความผิดฐานลักทรัพย์,51,MCQ,ข้อใดเป็นความผิดฐานลักทรัพย์,"ก. กลับขายกระบือให้กรอก โดยไม่โอนตั๋วพิมพ์รูปพรรณแล้วแอบไปเอากลับคืนมาเสีย 
ข. กล่อมให้แกล้มเช่าซื้อรถยนต์ไป เมื่อผิดสัญญาจึงไปยึดรถกลับคืนมา 
ค. กรุ้มขายวิทยุให้กริ่มไป แต่กริ่มไม่ชำระราคาให้ตามกำหนดจึงไปยึดกลับคืนมา 
ง. กริ่งจำนำแหวนไว้กับแกรง แล้วแอบไปเอาแหวนนั้นคืนมา 
จ. กรุงให้ไกรเช่ารถยนต์แล้วแอบไปเอารถยนต์นั้นคืนมา",ก,มาตรา 334,ข้อ ก. การซื้อขายกระบือสำเร็จแล้ว กรรมสิทธิ์ตกเป็นของกรอกทันที แม้ยังไม่โอนทะเบียนตั๋วพิมพ์ การที่กลับแอบไปเอากระบือคืนมาจึงเป็นการเอาทรัพย์ของผู้อื่นไปโดยทุจริต เป็นลักทรัพย์ ส่วนข้อ ง และ จ ทรัพย์ยังเป็นกรรมสิทธิ์ของตนเอง ไม่ผิดลักทรัพย์ (แต่ผิดฐานอื่น),โจทย์นี้เป็น Level 1 แบบปรนัย เน้นจำแนกหลักกฎหมายและองค์ประกอบพื้นฐาน,หมวดเนื้อหา: ความผิดเกี่ยวกับทรัพย์,พิจารณามาตรา 334,"",นำเข้าจาก pasted-text.txt สำหรับ Level 1 วิชา 41216 วันที่ 2026-07-16
q-level1-41216-import-052,pasted_quiz_data,41216,1,ความผิดเกี่ยวกับทรัพย์,ตูบแอบหยิบโทรศัพท์มือถือจากโต๊ะแสดงสินค้าในห้างสรรพสินค้าแล้,52,MCQ,ตูบแอบหยิบโทรศัพท์มือถือจากโต๊ะแสดงสินค้าในห้างสรรพสินค้าแล้วใส่ลงในกระเป๋าของตน ก่อนออกจากห้างสรรพสินค้าถูก รปภ. ของห้างจับได้เสียก่อน เช่นนี้ตูบมีความผิดฐานใดหรือไม่,"ก. ผิดฐานลักทรัพย์สำเร็จ 
ข. ผิดฐานพยายามลักทรัพย์ 
ค. ผิดฐานวิ่งราวทรัพย์ 
ง. ผิดฐานชิงทรัพย์ 
จ. ผิดฐานพยายามวิ่งราวทรัพย์",ก,มาตรา 334,การลักทรัพย์ในห้างสรรพสินค้า เมื่อผู้กระทำเอาทรัพย์มาใส่ไว้ในกระเป๋าของตนเอง ถือว่าทรัพย์นั้นได้ตัดขาดความครอบครองจากเจ้าของและมาอยู่ในความครอบครองแยกต่างหากของผู้กระทำโดยสมบูรณ์แล้ว ความผิดฐานลักทรัพย์จึงสำเร็จทันที ไม่จำเป็นต้องเดินพ้นเขตห้างออกไปก่อน (ตามแนวคำพิพากษาศาลฎีกา),โจทย์นี้เป็น Level 1 แบบปรนัย เน้นจำแนกหลักกฎหมายและองค์ประกอบพื้นฐาน,หมวดเนื้อหา: ความผิดเกี่ยวกับทรัพย์,พิจารณามาตรา 334,"",นำเข้าจาก pasted-text.txt สำหรับ Level 1 วิชา 41216 วันที่ 2026-07-16
q-level1-41216-import-053,pasted_quiz_data,41216,1,ความผิดเกี่ยวกับทรัพย์,แดงส่งจดหมายอิเล็กทรอนิกส์ (Email) ไปถึงขาวมีข้อความว่า แดงท,53,MCQ,"แดงส่งจดหมายอิเล็กทรอนิกส์ (Email) ไปถึงขาวมีข้อความว่า แดงทราบว่าขาวเป็นภริยาน้อยของเสี่ยหาญ ถ้าขาวไม่อยากให้เรื่องนี้เปิดเผยในคอลัมน์ซุบซิบ ขาวจะต้องเขียนเช็คให้แดง 100,000 บาท ขาวทราบแล้วเกิดความกลัวจึงยอมเขียนเช็คให้แดง แต่ยังไม่ทันส่งเช็คไป แดงก็ถูกจับเสียก่อน ดังนี้แดงมีความผิดฐานใด","ก. กรรโชก 
ข. พยายามกรรโชก 
ค. รีดเอาทรัพย์ 
ง. พยายามรีดเอาทรัพย์ 
จ. ข้อ ก. และ ค. ถูก",ค,มาตรา 338,การขู่ว่าจะเปิดเผยความลับซึ่งจะทำให้ขาวเกิดความเสียหาย เพื่อให้ขาวมอบเงินหรือประโยชน์ในลักษณะทรัพย์สินให้ เข้าองค์ประกอบความผิดฐาน 'รีดเอาทรัพย์' ตามมาตรา 338 และเมื่อขาวเกิดความกลัวจนตกลงยอมเขียนเช็คให้แล้ว ความผิดฐานรีดเอาทรัพย์จึงเป็นความผิดสำเร็จทันที แม้เช็คจะยังส่งไม่ถึงมือแดงก็ตาม,โจทย์นี้เป็น Level 1 แบบปรนัย เน้นจำแนกหลักกฎหมายและองค์ประกอบพื้นฐาน,หมวดเนื้อหา: ความผิดเกี่ยวกับทรัพย์,พิจารณามาตรา 338,"",นำเข้าจาก pasted-text.txt สำหรับ Level 1 วิชา 41216 วันที่ 2026-07-16
q-level1-41216-import-054,pasted_quiz_data,41216,1,บทบัญญัติทั่วไปทางอาญา,ฟ้ากับมิ่งว่าจ้างเก่งคนขับแท็กซี่ให้ไปส่งที่ซอยอารีย์ พอถึงท,54,MCQ,ฟ้ากับมิ่งว่าจ้างเก่งคนขับแท็กซี่ให้ไปส่งที่ซอยอารีย์ พอถึงที่เปลี่ยวฟ้าก็เอามีดจี้เก่งให้ถอดแหวนให้ พอได้แหวนแล้วทั้งฟ้าและมิ่งก็หนีไปด้วยกัน ดังนี้มิ่งจะมีความผิดฐานใด,"ก. ความผิดฐานลักทรัพย์ 
ข. ความผิดฐานชิงทรัพย์ 
ค. ความผิดฐานชิงทรัพย์โดยมีอาวุธ 
ง. ความผิดฐานปล้นทรัพย์ 
จ. ความผิดฐานกรรโชกทรัพย์",ข,"มาตรา 83, 339",การร่วมมือกันเอาทรัพย์ของผู้อื่นโดยใช้มีดจี้ขู่เข็ญในทันใดนั้นเป็นการชิงทรัพย์ แต่เนื่องจากผู้ร่วมกระทำความผิดและอยู่ในที่เกิดเหตุมีเพียง 2 คน (ฟ้าและมิ่ง) ไม่ครบ 3 คนขึ้นไป จึงไม่เป็นปลสมทรัพย์ มิ่งซึ่งร่วมทางและหนีไปด้วยกันจึงมีความผิดฐานเป็นตัวการร่วมชิงทรัพย์ตามมาตรา 339,โจทย์นี้เป็น Level 1 แบบปรนัย เน้นจำแนกหลักกฎหมายและองค์ประกอบพื้นฐาน,หมวดเนื้อหา: บทบัญญัติทั่วไปทางอาญา,"พิจารณามาตรา 83, 339","",นำเข้าจาก pasted-text.txt สำหรับ Level 1 วิชา 41216 วันที่ 2026-07-16
q-level1-41216-import-055,pasted_quiz_data,41216,1,ความผิดเกี่ยวกับทรัพย์,ต่อไปนี้ข้อใดเป็นความผิดฐานฉ้อโกง,55,MCQ,ต่อไปนี้ข้อใดเป็นความผิดฐานฉ้อโกง,"ก. สนหลอกให้ใสถอนคำร้องทุกข์คดีอาญา 
ข. สนหลอกให้ใสถอนฟ้องคดีล้มละลาย 
ค. สนหลอกให้ใสยื่นฟ้องแสงเป็นคดีแพ่ง 
ง. สนหลอกให้ใสฉีกทำลายสัญญาเช่า 
จ. สนหลอกให้ใสสมัครรับเลือกตั้ง",ง,มาตรา 341,ความผิดฐานฉ้อโกงตามมาตรา 341 ต้องเป็นการหลอกลวงเพื่อ 'ได้ไปซึ่งทรัพย์สินจากผู้ถูกหลอกลวงหรือบุคคลที่สาม หรือทำให้ผู้ถูกหลอกลวงหรือบุคคลที่สามทำ ถอน หรือทำลายเอกสารสิทธิ' การหลอกให้ใสฉีกทำลายสัญญาเช่าซึ่งเป็นเอกสารสิทธิ จึงเข้าองค์ประกอบความผิดฐานฉ้อโกงโดยตรง,โจทย์นี้เป็น Level 1 แบบปรนัย เน้นจำแนกหลักกฎหมายและองค์ประกอบพื้นฐาน,หมวดเนื้อหา: ความผิดเกี่ยวกับทรัพย์,พิจารณามาตรา 341,"",นำเข้าจาก pasted-text.txt สำหรับ Level 1 วิชา 41216 วันที่ 2026-07-16
q-level1-41216-import-056,pasted_quiz_data,41216,1,ความผิดเกี่ยวกับทรัพย์,ต่อไปนี้ข้อใดเป็นความผิดฐานยักยอก,56,MCQ,ต่อไปนี้ข้อใดเป็นความผิดฐานยักยอก,"ก. พุธเอาสุนัขมาฝากศุกร์เลี้ยง 3 เดือน พอพุธมาขอคืน ศุกร์ปฏิเสธว่าไม่เคยรับฝากสุนัข 
ข. พุธเอาสุนัขมาฝากศุกร์เลี้ยง 3 เดือน พอพุธมาขอคืน ศุกร์ไม่ยอมคืน อ้างว่าพุธต้องจ่ายค่าเลี้ยงดูก่อน 
ค. พุธเอาสุนัขมาฝากศุกร์เลี้ยง 3 เดือน พอพุธมาขอคืน ศุกร์บอกว่าสุนัขไม่สบายเอาไปรักษาที่คลินิกพรุ่งนี้จะไปรับมาคืนให้ 
ง. พุธจูงสุนัขเดินเที่ยว พุธจะเข้าห้องน้ำ จึงฝากศุกร์ให้ช่วยดูสุนัขไว้ ศุกร์เอาสุนัขหนีไป 
จ. พุธเอาสุนัขมาฝากศุกร์เลี้ยง 3 เดือน พอพุธมาขอคืน ศุกร์บอกว่าสุนัขตายแล้ว",ก,มาตรา 352 วรรคแรก,การยักยอกต้องเกิดจากการที่ทรัพย์ของผู้อื่นอยู่ในความครอบครองของผู้กระทำแล้วผู้กระทำ 'เบียดบังเอาทรัพย์นั้นไปโดยทุจริต' การที่ศุกร์รับฝากเลี้ยง (ครอบครอง) แล้วโกหกปฏิเสธว่าไม่เคยรับฝากเพื่อเอาสุนัขไว้เอง แสดงเจตนาทุจริตเบียดบังชัดเจน ส่วนข้อ ข เป็นการใช้สิทธิยึดหน่วงตามแพ่ง และข้อ ง เป็นเพียงฝากดูชั่วคราวยังไม่โอนการครอบครอง จึงผิดลักทรัพย์,โจทย์นี้เป็น Level 1 แบบปรนัย เน้นจำแนกหลักกฎหมายและองค์ประกอบพื้นฐาน,หมวดเนื้อหา: ความผิดเกี่ยวกับทรัพย์,พิจารณามาตรา 352,"",นำเข้าจาก pasted-text.txt สำหรับ Level 1 วิชา 41216 วันที่ 2026-07-16
q-level1-41216-import-057,pasted_quiz_data,41216,1,ความผิดเกี่ยวกับทรัพย์,เหตุที่ทำให้ผู้กระทำความผิดฐานทำให้เสียทรัพย์ต้องรับโทษหนักข,57,MCQ,เหตุที่ทำให้ผู้กระทำความผิดฐานทำให้เสียทรัพย์ต้องรับโทษหนักขึ้น ต่อเมื่อได้กระทำต่อทรัพย์ตามข้อใด,"ก. เครื่องจักรที่ใช้ในการประกอบกสิกรรม 
ข. ปศุสัตว์ 
ค. สัตว์พาหนะที่ใช้ในการขนส่งสาธารณะ 
ง. พืชผลของกสิกร 
จ. ถูกทุกข้อ",จ,มาตรา 359,"ตามมาตรา 359 กำหนดเหตุฉกรรจ์ของความผิดฐานทำให้เสียทรัพย์ไว้ว่า หากทรัพย์ที่ถูกทำลายเสียหายเป็น เครื่องจักรหรือพืชผลกสิกรรม (1), สัตว์พาหนะ (2) หรือทรัพย์สินที่ใช้เพื่อสาธารณประโยชน์ (3) ผู้กระทำต้องได้รับโทษหนักขึ้นกว่ามาตรา 358 ทั่วไป",โจทย์นี้เป็น Level 1 แบบปรนัย เน้นจำแนกหลักกฎหมายและองค์ประกอบพื้นฐาน,หมวดเนื้อหา: ความผิดเกี่ยวกับทรัพย์,พิจารณามาตรา 359,"",นำเข้าจาก pasted-text.txt สำหรับ Level 1 วิชา 41216 วันที่ 2026-07-16
q-level1-41216-import-058,pasted_quiz_data,41216,1,ความผิดเกี่ยวกับทรัพย์,ข้อใดถือว่าเป็นการกระทำอันเป็นการรบกวนการครอบครองอสังหาริมทร,58,MCQ,ข้อใดถือว่าเป็นการกระทำอันเป็นการรบกวนการครอบครองอสังหาริมทรัพย์ ตาม ป.อ. มาตรา 362,"ก. ใส่กุญแจห้องเช่ามิให้ผู้เช่าเข้าห้องได้ 
ข. นำแผ่นไม้ไปปิดกั้นทางเข้าบ้านผู้อื่น โดยไม่ได้เข้าไปในบ้านหลังดังกล่าว 
ค. เข้าไปลากตัวผู้เสียหายให้ออกจากบริเวณบ้านของผู้เสียหายเพื่อทำร้ายร่างกาย 
ง. ข้อ ก. และ ข. ถูก 
จ. ถูกทุกข้อ",ง,มาตรา 362 (บุกรุกอสังหาริมทรัพย์),มาตรา 362 บัญญัติว่าต้องเป็นการเข้าไปในอสังหาริมทรัพย์ของผู้อื่นเพื่อครอบครอง หรือ 'กระทำการใดๆ อันเป็นการรบกวนการครอบครองอสังหาริมทรัพย์ของเขาโดยมิชอบ' การเอากุญแจไปคล้องล็อกห้องหรือเอาไม้ไปปิดกั้นทางเข้า แม้ตัวผู้ทำไม่ได้เดินเหยียบเข้าไปข้างใน แต่เป็นพฤติการณ์รบกวนสิทธิการครอบครองที่ดิน/อาคารโดยตรง จึงผิดมาตรา 362,โจทย์นี้เป็น Level 1 แบบปรนัย เน้นจำแนกหลักกฎหมายและองค์ประกอบพื้นฐาน,หมวดเนื้อหา: ความผิดเกี่ยวกับทรัพย์,พิจารณามาตรา 362,"",นำเข้าจาก pasted-text.txt สำหรับ Level 1 วิชา 41216 วันที่ 2026-07-16
q-level1-41216-import-059,pasted_quiz_data,41216,1,ความผิดลหุโทษ,การกระทำต่อหน้าธารกำนัลหมายความถึงข้อใด,59,MCQ,การกระทำต่อหน้าธารกำนัลหมายความถึงข้อใด,"ก. การกระทำต่อหน้าบุคคลอื่น 
ข. การกระทำที่มีผู้พบเห็นการกระทำนั้น 
ค. การกระทำในลักษณะที่เปิดเผยที่ประชาชนมองเห็นได้ 
ง. การกระทำในสถานที่เปิดเผย 
จ. การกระทำในสาธารณสถาน เช่น ในโรงมหรสพ ขณะที่ยังไม่เปิดการแสดง ไม่มีคนอยู่ในบริเวณนั้น",ค,ความผิดลหุโทษ (มาตรา 388 เป็นต้น),คำว่า 'ต่อหน้าธารกำนัล' ในทางกฎหมายอาญา หมายถึง การกระทำในลักษณะที่เปิดเผย ปราศจากการปิดบังซ่อนเร้น ในสภาวะหรือสถานที่ที่ประชาชนทั่วไปหรือบุคคลอื่นที่สัญจรผ่านไปมาสามารถมองเห็นการกระทำนั้นได้โดยง่าย ไม่จำเป็นต้องมีคนมุงดูอยู่ ณ ขณะนั้นจริง,โจทย์นี้เป็น Level 1 แบบปรนัย เน้นจำแนกหลักกฎหมายและองค์ประกอบพื้นฐาน,หมวดเนื้อหา: ความผิดลหุโทษ,พิจารณามาตรา 388,"",นำเข้าจาก pasted-text.txt สำหรับ Level 1 วิชา 41216 วันที่ 2026-07-16
q-level1-41216-import-060,pasted_quiz_data,41216,1,ความผิดลหุโทษ,ในความผิดฐานดูหมิ่นซึ่งหน้า คำว่า “ซึ่งหน้า” หมายความว่าอย่า,60,MCQ,ในความผิดฐานดูหมิ่นซึ่งหน้า คำว่า “ซึ่งหน้า” หมายความว่าอย่างไร,"ก. ผู้ดูหมิ่นจะต้องอยู่ต่อหน้าผู้ถูกดูหมิ่น 
ข. ผู้ดูหมิ่นไม่ได้สนใจว่าผู้ถูกดูหมิ่นจะอยู่ที่ใด 
ค. ผู้ดูหมิ่นกล่าวคำดูหมิ่นให้ผู้ถูกดูหมิ่นได้ยินก็เพียงพอแล้ว 
ง. ผู้ดูหมิ่นต้องกล่าวคำดูหมิ่นต่อหน้าผู้ถูกดูหมิ่น และผู้ถูกดูหมิ่นต้องได้ยินคำดูหมิ่นนั้น 
จ. ผู้ดูหมิ่นและผู้ถูกดูหมิ่นต้องอยู่ในสถานที่ใกล้ชิดกันหรืออยู่ในเหตุการณ์เดียวกัน",ง,มาตรา 393,คำว่า 'ซึ่งหน้า' ในฐานความผิดดูหมิ่นตามมาตรา 393 หมายความว่า คำด่าทอหรือพฤติกรรมดูหมิ่นนั้นจะต้องกระทำต่อหน้าต่อตาของผู้ถูกดูหมิ่นในระยะใกล้ชิด และผู้ถูกดูหมิ่นจะต้องได้ยินหรือรับทราบการดูหมิ่นนั้นในทันทีทันใดในเหตุการณ์นั้นด้วย,โจทย์นี้เป็น Level 1 แบบปรนัย เน้นจำแนกหลักกฎหมายและองค์ประกอบพื้นฐาน,หมวดเนื้อหา: ความผิดลหุโทษ,พิจารณามาตรา 393,"",นำเข้าจาก pasted-text.txt สำหรับ Level 1 วิชา 41216 วันที่ 2026-07-16
